RA,Dec,Efficiency
0.03925,-0.03929,0.922
0.03925,-0.11783,0.977
0.03925,-0.19637,0.935
0.03925,-0.27491,0.916
0.03925,-0.35345,0.916
0.03925,-0.43199,0.915
0.03925,-0.51053,0.897
0.03925,-0.58907,0.756
0.03925,-0.66761,0.68
0.03925,-0.74615,0.644
0.03925,-0.82469,0.615
0.03925,-0.90323,0.596
0.03925,-0.98177,0.573
0.03925,-1.06031,0.56
0.03925,-1.13885,0.548
0.03925,-1.21739,0.535
0.03925,-1.29593,0.523
0.03925,-1.37447,0.284
0.03925,-1.45301,0.0
0.03925,-1.53155,0.0
0.03925,0.03925,0.929
0.03925,0.11779,0.95
0.03925,0.19633,0.697
0.03925,0.27487,0.728
0.03925,0.35341,0.658
0.03925,0.43195,0.628
0.03925,0.51049,0.614
0.03925,0.58903,0.601
0.03925,0.66757,0.585
0.03925,0.74611,0.575
0.03925,0.82465,0.568
0.03925,0.90319,0.56
0.03925,0.98173,0.547
0.03925,1.06027,0.541
0.03925,1.13881,0.536
0.03925,1.21735,0.532
0.03925,1.29589,0.526
0.03925,1.37443,0.522
0.03925,1.45297,0.348
0.03925,1.53151,0.0
0.11779,-0.03929,0.92
0.11779,-0.11783,0.933
0.11779,-0.19637,0.924
0.11779,-0.27491,0.915
0.11779,-0.35345,0.915
0.11779,-0.43199,0.914
0.11779,-0.51053,0.877
0.11779,-0.58907,0.73
0.11779,-0.66761,0.662
0.11779,-0.74615,0.623
0.11779,-0.82469,0.596
0.11779,-0.90323,0.583
0.11779,-0.98177,0.569
0.11779,-1.06031,0.552
0.11779,-1.13885,0.54
0.11779,-1.21739,0.53
0.11779,-1.29593,0.438
0.11779,-1.37447,0.206
0.11779,-1.45301,0.0
0.11779,-1.53155,0.0
0.11779,0.03925,0.926
0.11779,0.11779,0.943
0.11779,0.19633,0.763
0.11779,0.27487,0.713
0.11779,0.35341,0.645
0.11779,0.43195,0.621
0.11779,0.51049,0.605
0.11779,0.58903,0.597
0.11779,0.66757,0.582
0.11779,0.74611,0.574
0.11779,0.82465,0.566
0.11779,0.90319,0.558
0.11779,0.98173,0.547
0.11779,1.06027,0.541
0.11779,1.13881,0.536
0.11779,1.21735,0.531
0.11779,1.29589,0.527
0.11779,1.37443,0.522
0.11779,1.45297,0.346
0.11779,1.53151,0.0
0.19633,-0.03929,0.919
0.19633,-0.11783,0.977
0.19633,-0.19637,0.935
0.19633,-0.27491,0.915
0.19633,-0.35345,0.914
0.19633,-0.43199,0.914
0.19633,-0.51053,0.869
0.19633,-0.58907,0.7
0.19633,-0.66761,0.65
0.19633,-0.74615,0.614
0.19633,-0.82469,0.593
0.19633,-0.90323,0.573
0.19633,-0.98177,0.559
0.19633,-1.06031,0.546
0.19633,-1.13885,0.534
0.19633,-1.21739,0.527
0.19633,-1.29593,0.347
0.19633,-1.37447,0.0
0.19633,-1.45301,0.0
0.19633,-1.53155,0.0
0.19633,0.03925,0.925
0.19633,0.11779,0.94
0.19633,0.19633,0.695
0.19633,0.27487,0.677
0.19633,0.35341,0.638
0.19633,0.43195,0.614
0.19633,0.51049,0.605
0.19633,0.58903,0.597
0.19633,0.66757,0.579
0.19633,0.74611,0.572
0.19633,0.82465,0.566
0.19633,0.90319,0.558
0.19633,0.98173,0.544
0.19633,1.06027,0.539
0.19633,1.13881,0.535
0.19633,1.21735,0.529
0.19633,1.29589,0.526
0.19633,1.37443,0.522
0.19633,1.45297,0.348
0.19633,1.53151,0.0
0.27487,-0.03929,0.919
0.27487,-0.11783,0.933
0.27487,-0.19637,0.977
0.27487,-0.27491,0.935
0.27487,-0.35345,0.914
0.27487,-0.43199,0.841
0.27487,-0.51053,0.732
0.27487,-0.58907,0.674
0.27487,-0.66761,0.638
0.27487,-0.74615,0.609
0.27487,-0.82469,0.585
0.27487,-0.90323,0.571
0.27487,-0.98177,0.558
0.27487,-1.06031,0.538
0.27487,-1.13885,0.531
0.27487,-1.21739,0.522
0.27487,-1.29593,0.0
0.27487,-1.37447,0.0
0.27487,-1.45301,0.0
0.27487,-1.53155,0.0
0.27487,0.03925,0.924
0.27487,0.11779,0.919
0.27487,0.19633,0.763
0.27487,0.27487,0.651
0.27487,0.35341,0.625
0.27487,0.43195,0.609
0.27487,0.51049,0.597
0.27487,0.58903,0.581
0.27487,0.66757,0.574
0.27487,0.74611,0.566
0.27487,0.82465,0.559
0.27487,0.90319,0.554
0.27487,0.98173,0.541
0.27487,1.06027,0.537
0.27487,1.13881,0.533
0.27487,1.21735,0.53
0.27487,1.29589,0.527
0.27487,1.37443,0.52
0.27487,1.45297,0.284
0.27487,1.53151,0.0
0.35341,-0.03929,0.918
0.35341,-0.11783,0.923
0.35341,-0.19637,0.933
0.35341,-0.27491,0.924
0.35341,-0.35345,0.901
0.35341,-0.43199,0.775
0.35341,-0.51053,0.781
0.35341,-0.58907,0.685
0.35341,-0.66761,0.662
0.35341,-0.74615,0.615
0.35341,-0.82469,0.579
0.35341,-0.90323,0.566
0.35341,-0.98177,0.552
0.35341,-1.06031,0.538
0.35341,-1.13885,0.531
0.35341,-1.21739,0.522
0.35341,-1.29593,0.0
0.35341,-1.37447,0.0
0.35341,-1.45301,0.0
0.35341,-1.53155,0.0
0.35341,0.03925,0.903
0.35341,0.11779,0.812
0.35341,0.19633,0.695
0.35341,0.27487,0.636
0.35341,0.35341,0.616
0.35341,0.43195,0.605
0.35341,0.51049,0.597
0.35341,0.58903,0.576
0.35341,0.66757,0.565
0.35341,0.74611,0.562
0.35341,0.82465,0.559
0.35341,0.90319,0.552
0.35341,0.98173,0.54
0.35341,1.06027,0.538
0.35341,1.13881,0.535
0.35341,1.21735,0.531
0.35341,1.29589,0.527
0.35341,1.37443,0.454
0.35341,1.45297,0.143
0.35341,1.53151,0.0
0.43195,-0.03929,0.806
0.43195,-0.11783,0.928
0.43195,-0.19637,0.923
0.43195,-0.27491,0.977
0.43195,-0.35345,0.935
0.43195,-0.43199,0.91
0.43195,-0.51053,0.781
0.43195,-0.58907,0.73
0.43195,-0.66761,0.685
0.43195,-0.74615,0.662
0.43195,-0.82469,0.615
0.43195,-0.90323,0.562
0.43195,-0.98177,0.538
0.43195,-1.06031,0.53
0.43195,-1.13885,0.523
0.43195,-1.21739,0.444
0.43195,-1.29593,0.051
0.43195,-1.37447,0.0
0.43195,-1.45301,0.0
0.43195,-1.53155,0.0
0.43195,0.03925,0.781
0.43195,0.11779,0.746
0.43195,0.19633,0.647
0.43195,0.27487,0.622
0.43195,0.35341,0.61
0.43195,0.43195,0.597
0.43195,0.51049,0.576
0.43195,0.58903,0.569
0.43195,0.66757,0.562
0.43195,0.74611,0.558
0.43195,0.82465,0.552
0.43195,0.90319,0.548
0.43195,0.98173,0.543
0.43195,1.06027,0.541
0.43195,1.13881,0.535
0.43195,1.21735,0.532
0.43195,1.29589,0.527
0.43195,1.37443,0.527
0.43195,1.45297,0.287
0.43195,1.53151,0.0
0.51049,-0.03929,0.756
0.51049,-0.11783,0.833
0.51049,-0.19637,0.928
0.51049,-0.27491,0.933
0.51049,-0.35345,0.977
0.51049,-0.43199,0.935
0.51049,-0.51053,0.91
0.51049,-0.58907,0.751
0.51049,-0.66761,0.713
0.51049,-0.74615,0.668
0.51049,-0.82469,0.638
0.51049,-0.90323,0.558
0.51049,-0.98177,0.527
0.51049,-1.06031,0.52
0.51049,-1.13885,0.518
0.51049,-1.21739,0.439
0.51049,-1.29593,0.0
0.51049,-1.37447,0.0
0.51049,-1.45301,0.0
0.51049,-1.53155,0.0
0.51049,0.03925,0.728
0.51049,0.11779,0.666
0.51049,0.19633,0.641
0.51049,0.27487,0.625
0.51049,0.35341,0.599
0.51049,0.43195,0.579
0.51049,0.51049,0.57
0.51049,0.58903,0.561
0.51049,0.66757,0.558
0.51049,0.74611,0.553
0.51049,0.82465,0.551
0.51049,0.90319,0.549
0.51049,0.98173,0.544
0.51049,1.06027,0.542
0.51049,1.13881,0.539
0.51049,1.21735,0.535
0.51049,1.29589,0.531
0.51049,1.37443,0.529
0.51049,1.45297,0.288
0.51049,1.53151,0.0
0.58903,-0.03929,0.702
0.58903,-0.11783,0.756
0.58903,-0.19637,0.833
0.58903,-0.27491,0.923
0.58903,-0.35345,0.977
0.58903,-0.43199,0.935
0.58903,-0.51053,0.91
0.58903,-0.58907,0.77
0.58903,-0.66761,0.713
0.58903,-0.74615,0.668
0.58903,-0.82469,0.638
0.58903,-0.90323,0.525
0.58903,-0.98177,0.52
0.58903,-1.06031,0.514
0.58903,-1.13885,0.472
0.58903,-1.21739,0.254
0.58903,-1.29593,0.0
0.58903,-1.37447,0.0
0.58903,-1.45301,0.0
0.58903,-1.53155,0.0
0.58903,0.03925,0.687
0.58903,0.11779,0.641
0.58903,0.19633,0.625
0.58903,0.27487,0.596
0.58903,0.35341,0.589
0.58903,0.43195,0.576
0.58903,0.51049,0.567
0.58903,0.58903,0.562
0.58903,0.66757,0.56
0.58903,0.74611,0.557
0.58903,0.82465,0.554
0.58903,0.90319,0.55
0.58903,0.98173,0.548
0.58903,1.06027,0.542
0.58903,1.13881,0.539
0.58903,1.21735,0.537
0.58903,1.29589,0.531
0.58903,1.37443,0.529
0.58903,1.45297,0.288
0.58903,1.53151,0.0
0.66757,-0.03929,0.674
0.66757,-0.11783,0.697
0.66757,-0.19637,0.766
0.66757,-0.27491,0.928
0.66757,-0.35345,0.933
0.66757,-0.43199,0.924
0.66757,-0.51053,0.901
0.66757,-0.58907,0.77
0.66757,-0.66761,0.709
0.66757,-0.74615,0.666
0.66757,-0.82469,0.525
0.66757,-0.90323,0.52
0.66757,-0.98177,0.514
0.66757,-1.06031,0.47
0.66757,-1.13885,0.252
0.66757,-1.21739,0.035
0.66757,-1.29593,0.0
0.66757,-1.37447,0.0
0.66757,-1.45301,0.0
0.66757,-1.53155,0.0
0.66757,0.03925,0.637
0.66757,0.11779,0.619
0.66757,0.19633,0.61
0.66757,0.27487,0.595
0.66757,0.35341,0.579
0.66757,0.43195,0.571
0.66757,0.51049,0.569
0.66757,0.58903,0.565
0.66757,0.66757,0.563
0.66757,0.74611,0.558
0.66757,0.82465,0.556
0.66757,0.90319,0.553
0.66757,0.98173,0.551
0.66757,1.06027,0.544
0.66757,1.13881,0.54
0.66757,1.21735,0.536
0.66757,1.29589,0.531
0.66757,1.37443,0.529
0.66757,1.45297,0.288
0.66757,1.53151,0.0
0.74611,-0.03929,0.663
0.74611,-0.11783,0.702
0.74611,-0.19637,0.756
0.74611,-0.27491,0.833
0.74611,-0.35345,0.928
0.74611,-0.43199,0.919
0.74611,-0.51053,0.888
0.74611,-0.58907,0.793
0.74611,-0.66761,0.694
0.74611,-0.74615,0.657
0.74611,-0.82469,0.538
0.74611,-0.90323,0.417
0.74611,-0.98177,0.335
0.74611,-1.06031,0.252
0.74611,-1.13885,0.034
0.74611,-1.21739,0.0
0.74611,-1.29593,0.0
0.74611,-1.37447,0.0
0.74611,-1.45301,0.0
0.74611,-1.53155,0.0
0.74611,0.03925,0.641
0.74611,0.11779,0.625
0.74611,0.19633,0.595
0.74611,0.27487,0.589
0.74611,0.35341,0.578
0.74611,0.43195,0.574
0.74611,0.51049,0.572
0.74611,0.58903,0.568
0.74611,0.66757,0.564
0.74611,0.74611,0.561
0.74611,0.82465,0.556
0.74611,0.90319,0.552
0.74611,0.98173,0.549
0.74611,1.06027,0.545
0.74611,1.13881,0.542
0.74611,1.21735,0.537
0.74611,1.29589,0.531
0.74611,1.37443,0.529
0.74611,1.45297,0.288
0.74611,1.53151,0.0
0.82465,-0.03929,0.641
0.82465,-0.11783,0.663
0.82465,-0.19637,0.702
0.82465,-0.27491,0.766
0.82465,-0.35345,0.928
0.82465,-0.43199,0.915
0.82465,-0.51053,0.888
0.82465,-0.58907,0.73
0.82465,-0.66761,0.681
0.82465,-0.74615,0.651
0.82465,-0.82469,0.538
0.82465,-0.90323,0.261
0.82465,-0.98177,0.057
0.82465,-1.06031,0.034
0.82465,-1.13885,0.0
0.82465,-1.21739,0.0
0.82465,-1.29593,0.0
0.82465,-1.37447,0.0
0.82465,-1.45301,0.0
0.82465,-1.53155,0.0
0.82465,0.03925,0.625
0.82465,0.11779,0.61
0.82465,0.19633,0.595
0.82465,0.27487,0.587
0.82465,0.35341,0.583
0.82465,0.43195,0.578
0.82465,0.51049,0.573
0.82465,0.58903,0.569
0.82465,0.66757,0.563
0.82465,0.74611,0.558
0.82465,0.82465,0.556
0.82465,0.90319,0.553
0.82465,0.98173,0.551
0.82465,1.06027,0.544
0.82465,1.13881,0.542
0.82465,1.21735,0.538
0.82465,1.29589,0.533
0.82465,1.37443,0.53
0.82465,1.45297,0.289
0.82465,1.53151,0.0
0.90319,-0.03929,0.641
0.90319,-0.11783,0.663
0.90319,-0.19637,0.702
0.90319,-0.27491,0.756
0.90319,-0.35345,0.833
0.90319,-0.43199,0.86
0.90319,-0.51053,0.836
0.90319,-0.58907,0.793
0.90319,-0.66761,0.67
0.90319,-0.74615,0.638
0.90319,-0.82469,0.362
0.90319,-0.90323,0.034
0.90319,-0.98177,0.008
0.90319,-1.06031,0.0
0.90319,-1.13885,0.0
0.90319,-1.21739,0.0
0.90319,-1.29593,0.0
0.90319,-1.37447,0.0
0.90319,-1.45301,0.0
0.90319,-1.53155,0.0
0.90319,0.03925,0.625
0.90319,0.11779,0.598
0.90319,0.19633,0.594
0.90319,0.27487,0.588
0.90319,0.35341,0.581
0.90319,0.43195,0.574
0.90319,0.51049,0.572
0.90319,0.58903,0.568
0.90319,0.66757,0.564
0.90319,0.74611,0.561
0.90319,0.82465,0.556
0.90319,0.90319,0.552
0.90319,0.98173,0.549
0.90319,1.06027,0.547
0.90319,1.13881,0.542
0.90319,1.21735,0.537
0.90319,1.29589,0.533
0.90319,1.37443,0.531
0.90319,1.45297,0.289
0.90319,1.53151,0.0
0.98173,-0.03929,0.619
0.98173,-0.11783,0.632
0.98173,-0.19637,0.657
0.98173,-0.27491,0.68
0.98173,-0.35345,0.724
0.98173,-0.43199,0.887
0.98173,-0.51053,0.888
0.98173,-0.58907,0.73
0.98173,-0.66761,0.661
0.98173,-0.74615,0.579
0.98173,-0.82469,0.307
0.98173,-0.90323,0.0
0.98173,-0.98177,0.0
0.98173,-1.06031,0.0
0.98173,-1.13885,0.0
0.98173,-1.21739,0.0
0.98173,-1.29593,0.0
0.98173,-1.37447,0.0
0.98173,-1.45301,0.0
0.98173,-1.53155,0.0
0.98173,0.03925,0.611
0.98173,0.11779,0.603
0.98173,0.19633,0.591
0.98173,0.27487,0.587
0.98173,0.35341,0.583
0.98173,0.43195,0.578
0.98173,0.51049,0.573
0.98173,0.58903,0.569
0.98173,0.66757,0.563
0.98173,0.74611,0.558
0.98173,0.82465,0.556
0.98173,0.90319,0.553
0.98173,0.98173,0.551
0.98173,1.06027,0.545
0.98173,1.13881,0.544
0.98173,1.21735,0.539
0.98173,1.29589,0.533
0.98173,1.37443,0.531
0.98173,1.45297,0.289
0.98173,1.53151,0.0
1.06027,-0.03929,0.615
1.06027,-0.11783,0.641
1.06027,-0.19637,0.659
1.06027,-0.27491,0.657
1.06027,-0.35345,0.716
1.06027,-0.43199,0.86
1.06027,-0.51053,0.836
1.06027,-0.58907,0.793
1.06027,-0.66761,0.67
1.06027,-0.74615,0.449
1.06027,-0.82469,0.228
1.06027,-0.90323,0.0
1.06027,-0.98177,0.0
1.06027,-1.06031,0.0
1.06027,-1.13885,0.0
1.06027,-1.21739,0.0
1.06027,-1.29593,0.0
1.06027,-1.37447,0.0
1.06027,-1.45301,0.0
1.06027,-1.53155,0.0
1.06027,0.03925,0.603
1.06027,0.11779,0.598
1.06027,0.19633,0.594
1.06027,0.27487,0.588
1.06027,0.35341,0.581
1.06027,0.43195,0.574
1.06027,0.51049,0.572
1.06027,0.58903,0.568
1.06027,0.66757,0.564
1.06027,0.74611,0.561
1.06027,0.82465,0.556
1.06027,0.90319,0.553
1.06027,0.98173,0.551
1.06027,1.06027,0.547
1.06027,1.13881,0.543
1.06027,1.21735,0.54
1.06027,1.29589,0.535
1.06027,1.37443,0.531
1.06027,1.45297,0.289
1.06027,1.53151,0.0
1.13881,-0.03929,0.619
1.13881,-0.11783,0.629
1.13881,-0.19637,0.648
1.13881,-0.27491,0.677
1.13881,-0.35345,0.724
1.13881,-0.43199,0.887
1.13881,-0.51053,0.888
1.13881,-0.58907,0.793
1.13881,-0.66761,0.67
1.13881,-0.74615,0.429
1.13881,-0.82469,0.028
1.13881,-0.90323,0.0
1.13881,-0.98177,0.0
1.13881,-1.06031,0.0
1.13881,-1.13885,0.0
1.13881,-1.21739,0.0
1.13881,-1.29593,0.0
1.13881,-1.37447,0.0
1.13881,-1.45301,0.0
1.13881,-1.53155,0.0
1.13881,0.03925,0.611
1.13881,0.11779,0.603
1.13881,0.19633,0.591
1.13881,0.27487,0.587
1.13881,0.35341,0.583
1.13881,0.43195,0.578
1.13881,0.51049,0.573
1.13881,0.58903,0.569
1.13881,0.66757,0.564
1.13881,0.74611,0.561
1.13881,0.82465,0.556
1.13881,0.90319,0.555
1.13881,0.98173,0.551
1.13881,1.06027,0.547
1.13881,1.13881,0.544
1.13881,1.21735,0.541
1.13881,1.29589,0.536
1.13881,1.37443,0.531
1.13881,1.45297,0.289
1.13881,1.53151,0.0
1.21735,-0.03929,0.615
1.21735,-0.11783,0.641
1.21735,-0.19637,0.659
1.21735,-0.27491,0.657
1.21735,-0.35345,0.716
1.21735,-0.43199,0.887
1.21735,-0.51053,0.888
1.21735,-0.58907,0.742
1.21735,-0.66761,0.661
1.21735,-0.74615,0.426
1.21735,-0.82469,0.0
1.21735,-0.90323,0.0
1.21735,-0.98177,0.0
1.21735,-1.06031,0.0
1.21735,-1.13885,0.0
1.21735,-1.21739,0.0
1.21735,-1.29593,0.0
1.21735,-1.37447,0.0
1.21735,-1.45301,0.0
1.21735,-1.53155,0.0
1.21735,0.03925,0.603
1.21735,0.11779,0.598
1.21735,0.19633,0.594
1.21735,0.27487,0.588
1.21735,0.35341,0.583
1.21735,0.43195,0.578
1.21735,0.51049,0.573
1.21735,0.58903,0.569
1.21735,0.66757,0.561
1.21735,0.74611,0.56
1.21735,0.82465,0.557
1.21735,0.90319,0.553
1.21735,0.98173,0.553
1.21735,1.06027,0.547
1.21735,1.13881,0.544
1.21735,1.21735,0.54
1.21735,1.29589,0.537
1.21735,1.37443,0.532
1.21735,1.45297,0.29
1.21735,1.53151,0.0
1.29589,-0.03929,0.619
1.29589,-0.11783,0.629
1.29589,-0.19637,0.648
1.29589,-0.27491,0.677
1.29589,-0.35345,0.724
1.29589,-0.43199,0.808
1.29589,-0.51053,0.836
1.29589,-0.58907,0.729
1.29589,-0.66761,0.645
1.29589,-0.74615,0.359
1.29589,-0.82469,0.0
1.29589,-0.90323,0.0
1.29589,-0.98177,0.0
1.29589,-1.06031,0.0
1.29589,-1.13885,0.0
1.29589,-1.21739,0.0
1.29589,-1.29593,0.0
1.29589,-1.37447,0.0
1.29589,-1.45301,0.0
1.29589,-1.53155,0.0
1.29589,0.03925,0.611
1.29589,0.11779,0.603
1.29589,0.19633,0.594
1.29589,0.27487,0.588
1.29589,0.35341,0.581
1.29589,0.43195,0.574
1.29589,0.51049,0.567
1.29589,0.58903,0.566
1.29589,0.66757,0.566
1.29589,0.74611,0.561
1.29589,0.82465,0.56
1.29589,0.90319,0.555
1.29589,0.98173,0.554
1.29589,1.06027,0.549
1.29589,1.13881,0.548
1.29589,1.21735,0.541
1.29589,1.29589,0.539
1.29589,1.37443,0.534
1.29589,1.45297,0.291
1.29589,1.53151,0.0
1.37443,-0.03929,0.619
1.37443,-0.11783,0.641
1.37443,-0.19637,0.659
1.37443,-0.27491,0.677
1.37443,-0.35345,0.724
1.37443,-0.43199,0.745
1.37443,-0.51053,0.81
1.37443,-0.58907,0.742
1.37443,-0.66761,0.545
1.37443,-0.74615,0.043
1.37443,-0.82469,0.0
1.37443,-0.90323,0.0
1.37443,-0.98177,0.0
1.37443,-1.06031,0.0
1.37443,-1.13885,0.0
1.37443,-1.21739,0.0
1.37443,-1.29593,0.0
1.37443,-1.37447,0.0
1.37443,-1.45301,0.0
1.37443,-1.53155,0.0
1.37443,0.03925,0.611
1.37443,0.11779,0.603
1.37443,0.19633,0.591
1.37443,0.27487,0.582
1.37443,0.35341,0.577
1.37443,0.43195,0.576
1.37443,0.51049,0.573
1.37443,0.58903,0.57
1.37443,0.66757,0.564
1.37443,0.74611,0.562
1.37443,0.82465,0.561
1.37443,0.90319,0.555
1.37443,0.98173,0.553
1.37443,1.06027,0.55
1.37443,1.13881,0.548
1.37443,1.21735,0.541
1.37443,1.29589,0.538
1.37443,1.37443,0.534
1.37443,1.45297,0.291
1.37443,1.53151,0.0
1.45297,-0.03929,0.615
1.45297,-0.11783,0.641
1.45297,-0.19637,0.659
1.45297,-0.27491,0.657
1.45297,-0.35345,0.665
1.45297,-0.43199,0.712
1.45297,-0.51053,0.81
1.45297,-0.58907,0.742
1.45297,-0.66761,0.421
1.45297,-0.74615,0.0
1.45297,-0.82469,0.0
1.45297,-0.90323,0.0
1.45297,-0.98177,0.0
1.45297,-1.06031,0.0
1.45297,-1.13885,0.0
1.45297,-1.21739,0.0
1.45297,-1.29593,0.0
1.45297,-1.37447,0.0
1.45297,-1.45301,0.0
1.45297,-1.53155,0.0
1.45297,0.03925,0.593
1.45297,0.11779,0.591
1.45297,0.19633,0.586
1.45297,0.27487,0.585
1.45297,0.35341,0.577
1.45297,0.43195,0.573
1.45297,0.51049,0.571
1.45297,0.58903,0.567
1.45297,0.66757,0.566
1.45297,0.74611,0.561
1.45297,0.82465,0.56
1.45297,0.90319,0.556
1.45297,0.98173,0.554
1.45297,1.06027,0.549
1.45297,1.13881,0.548
1.45297,1.21735,0.544
1.45297,1.29589,0.539
1.45297,1.37443,0.534
1.45297,1.45297,0.291
1.45297,1.53151,0.0
1.53151,-0.03929,0.608
1.53151,-0.11783,0.615
1.53151,-0.19637,0.627
1.53151,-0.27491,0.645
1.53151,-0.35345,0.658
1.53151,-0.43199,0.706
1.53151,-0.51053,0.81
1.53151,-0.58907,0.742
1.53151,-0.66761,0.386
1.53151,-0.74615,0.0
1.53151,-0.82469,0.0
1.53151,-0.90323,0.0
1.53151,-0.98177,0.0
1.53151,-1.06031,0.0
1.53151,-1.13885,0.0
1.53151,-1.21739,0.0
1.53151,-1.29593,0.0
1.53151,-1.37447,0.0
1.53151,-1.45301,0.0
1.53151,-1.53155,0.0
1.53151,0.03925,0.596
1.53151,0.11779,0.587
1.53151,0.19633,0.583
1.53151,0.27487,0.582
1.53151,0.35341,0.577
1.53151,0.43195,0.576
1.53151,0.51049,0.573
1.53151,0.58903,0.57
1.53151,0.66757,0.566
1.53151,0.74611,0.562
1.53151,0.82465,0.561
1.53151,0.90319,0.555
1.53151,0.98173,0.554
1.53151,1.06027,0.55
1.53151,1.13881,0.548
1.53151,1.21735,0.546
1.53151,1.29589,0.539
1.53151,1.37443,0.534
1.53151,1.45297,0.291
1.53151,1.53151,0.0
1.61005,-0.03929,0.599
1.61005,-0.11783,0.605
1.61005,-0.19637,0.614
1.61005,-0.27491,0.631
1.61005,-0.35345,0.665
1.61005,-0.43199,0.712
1.61005,-0.51053,0.81
1.61005,-0.58907,0.742
1.61005,-0.66761,0.386
1.61005,-0.74615,0.0
1.61005,-0.82469,0.0
1.61005,-0.90323,0.0
1.61005,-0.98177,0.0
1.61005,-1.06031,0.0
1.61005,-1.13885,0.0
1.61005,-1.21739,0.0
1.61005,-1.29593,0.0
1.61005,-1.37447,0.0
1.61005,-1.45301,0.0
1.61005,-1.53155,0.0
1.61005,0.03925,0.593
1.61005,0.11779,0.591
1.61005,0.19633,0.586
1.61005,0.27487,0.585
1.61005,0.35341,0.577
1.61005,0.43195,0.576
1.61005,0.51049,0.573
1.61005,0.58903,0.57
1.61005,0.66757,0.566
1.61005,0.74611,0.562
1.61005,0.82465,0.561
1.61005,0.90319,0.556
1.61005,0.98173,0.554
1.61005,1.06027,0.55
1.61005,1.13881,0.548
1.61005,1.21735,0.544
1.61005,1.29589,0.541
1.61005,1.37443,0.534
1.61005,1.45297,0.291
1.61005,1.53151,0.0
1.68859,-0.03929,0.608
1.68859,-0.11783,0.615
1.68859,-0.19637,0.627
1.68859,-0.27491,0.645
1.68859,-0.35345,0.665
1.68859,-0.43199,0.712
1.68859,-0.51053,0.781
1.68859,-0.58907,0.729
1.68859,-0.66761,0.576
1.68859,-0.74615,0.0
1.68859,-0.82469,0.0
1.68859,-0.90323,0.0
1.68859,-0.98177,0.0
1.68859,-1.06031,0.0
1.68859,-1.13885,0.0
1.68859,-1.21739,0.0
1.68859,-1.29593,0.0
1.68859,-1.37447,0.0
1.68859,-1.45301,0.0
1.68859,-1.53155,0.0
1.68859,0.03925,0.596
1.68859,0.11779,0.591
1.68859,0.19633,0.586
1.68859,0.27487,0.585
1.68859,0.35341,0.577
1.68859,0.43195,0.576
1.68859,0.51049,0.573
1.68859,0.58903,0.57
1.68859,0.66757,0.566
1.68859,0.74611,0.562
1.68859,0.82465,0.561
1.68859,0.90319,0.556
1.68859,0.98173,0.554
1.68859,1.06027,0.55
1.68859,1.13881,0.548
1.68859,1.21735,0.546
1.68859,1.29589,0.541
1.68859,1.37443,0.536
1.68859,1.45297,0.292
1.68859,1.53151,0.0
1.76713,-0.03929,0.608
1.76713,-0.11783,0.615
1.76713,-0.19637,0.627
1.76713,-0.27491,0.645
1.76713,-0.35345,0.665
1.76713,-0.43199,0.712
1.76713,-0.51053,0.816
1.76713,-0.58907,0.766
1.76713,-0.66761,0.607
1.76713,-0.74615,0.246
1.76713,-0.82469,0.0
1.76713,-0.90323,0.0
1.76713,-0.98177,0.0
1.76713,-1.06031,0.0
1.76713,-1.13885,0.0
1.76713,-1.21739,0.0
1.76713,-1.29593,0.0
1.76713,-1.37447,0.0
1.76713,-1.45301,0.0
1.76713,-1.53155,0.0
1.76713,0.03925,0.596
1.76713,0.11779,0.591
1.76713,0.19633,0.586
1.76713,0.27487,0.585
1.76713,0.35341,0.577
1.76713,0.43195,0.576
1.76713,0.51049,0.573
1.76713,0.58903,0.57
1.76713,0.66757,0.564
1.76713,0.74611,0.562
1.76713,0.82465,0.561
1.76713,0.90319,0.556
1.76713,0.98173,0.553
1.76713,1.06027,0.55
1.76713,1.13881,0.548
1.76713,1.21735,0.546
1.76713,1.29589,0.541
1.76713,1.37443,0.534
1.76713,1.45297,0.291
1.76713,1.53151,0.0
1.84567,-0.03929,0.608
1.84567,-0.11783,0.615
1.84567,-0.19637,0.627
1.84567,-0.27491,0.645
1.84567,-0.35345,0.665
1.84567,-0.43199,0.712
1.84567,-0.51053,0.93
1.84567,-0.58907,0.813
1.84567,-0.66761,0.613
1.84567,-0.74615,0.52
1.84567,-0.82469,0.268
1.84567,-0.90323,0.0
1.84567,-0.98177,0.0
1.84567,-1.06031,0.0
1.84567,-1.13885,0.0
1.84567,-1.21739,0.0
1.84567,-1.29593,0.0
1.84567,-1.37447,0.0
1.84567,-1.45301,0.0
1.84567,-1.53155,0.0
1.84567,0.03925,0.596
1.84567,0.11779,0.591
1.84567,0.19633,0.586
1.84567,0.27487,0.585
1.84567,0.35341,0.577
1.84567,0.43195,0.573
1.84567,0.51049,0.571
1.84567,0.58903,0.563
1.84567,0.66757,0.561
1.84567,0.74611,0.56
1.84567,0.82465,0.555
1.84567,0.90319,0.556
1.84567,0.98173,0.553
1.84567,1.06027,0.549
1.84567,1.13881,0.547
1.84567,1.21735,0.546
1.84567,1.29589,0.541
1.84567,1.37443,0.536
1.84567,1.45297,0.292
1.84567,1.53151,0.0
1.92421,-0.03929,0.608
1.92421,-0.11783,0.615
1.92421,-0.19637,0.627
1.92421,-0.27491,0.645
1.92421,-0.35345,0.658
1.92421,-0.43199,0.708
1.92421,-0.51053,0.816
1.92421,-0.58907,0.766
1.92421,-0.66761,0.607
1.92421,-0.74615,0.556
1.92421,-0.82469,0.371
1.92421,-0.90323,0.0
1.92421,-0.98177,0.0
1.92421,-1.06031,0.0
1.92421,-1.13885,0.0
1.92421,-1.21739,0.0
1.92421,-1.29593,0.0
1.92421,-1.37447,0.0
1.92421,-1.45301,0.0
1.92421,-1.53155,0.0
1.92421,0.03925,0.596
1.92421,0.11779,0.587
1.92421,0.19633,0.579
1.92421,0.27487,0.57
1.92421,0.35341,0.567
1.92421,0.43195,0.562
1.92421,0.51049,0.562
1.92421,0.58903,0.56
1.92421,0.66757,0.556
1.92421,0.74611,0.554
1.92421,0.82465,0.553
1.92421,0.90319,0.553
1.92421,0.98173,0.55
1.92421,1.06027,0.548
1.92421,1.13881,0.547
1.92421,1.21735,0.546
1.92421,1.29589,0.541
1.92421,1.37443,0.536
1.92421,1.45297,0.292
1.92421,1.53151,0.0
2.00275,-0.03929,0.595
2.00275,-0.11783,0.611
2.00275,-0.19637,0.652
2.00275,-0.27491,0.678
2.00275,-0.35345,0.664
2.00275,-0.43199,0.708
2.00275,-0.51053,0.93
2.00275,-0.58907,0.813
2.00275,-0.66761,0.613
2.00275,-0.74615,0.604
2.00275,-0.82469,0.597
2.00275,-0.90323,0.324
2.00275,-0.98177,0.0
2.00275,-1.06031,0.0
2.00275,-1.13885,0.0
2.00275,-1.21739,0.0
2.00275,-1.29593,0.0
2.00275,-1.37447,0.0
2.00275,-1.45301,0.0
2.00275,-1.53155,0.0
2.00275,0.03925,0.585
2.00275,0.11779,0.575
2.00275,0.19633,0.567
2.00275,0.27487,0.563
2.00275,0.35341,0.56
2.00275,0.43195,0.559
2.00275,0.51049,0.555
2.00275,0.58903,0.555
2.00275,0.66757,0.551
2.00275,0.74611,0.55
2.00275,0.82465,0.551
2.00275,0.90319,0.548
2.00275,0.98173,0.546
2.00275,1.06027,0.548
2.00275,1.13881,0.546
2.00275,1.21735,0.544
2.00275,1.29589,0.541
2.00275,1.37443,0.536
2.00275,1.45297,0.292
2.00275,1.53151,0.0
2.08129,-0.03929,0.624
2.08129,-0.11783,0.639
2.08129,-0.19637,0.656
2.08129,-0.27491,0.683
2.08129,-0.35345,0.721
2.08129,-0.43199,0.758
2.08129,-0.51053,0.93
2.08129,-0.58907,0.813
2.08129,-0.66761,0.657
2.08129,-0.74615,0.632
2.08129,-0.82469,0.604
2.08129,-0.90323,0.328
2.08129,-0.98177,0.0
2.08129,-1.06031,0.0
2.08129,-1.13885,0.0
2.08129,-1.21739,0.0
2.08129,-1.29593,0.0
2.08129,-1.37447,0.0
2.08129,-1.45301,0.0
2.08129,-1.53155,0.0
2.08129,0.03925,0.611
2.08129,0.11779,0.603
2.08129,0.19633,0.587
2.08129,0.27487,0.58
2.08129,0.35341,0.574
2.08129,0.43195,0.569
2.08129,0.51049,0.563
2.08129,0.58903,0.56
2.08129,0.66757,0.559
2.08129,0.74611,0.557
2.08129,0.82465,0.555
2.08129,0.90319,0.551
2.08129,0.98173,0.548
2.08129,1.06027,0.544
2.08129,1.13881,0.546
2.08129,1.21735,0.543
2.08129,1.29589,0.541
2.08129,1.37443,0.536
2.08129,1.45297,0.292
2.08129,1.53151,0.0
2.15983,-0.03929,0.622
2.15983,-0.11783,0.652
2.15983,-0.19637,0.678
2.15983,-0.27491,0.678
2.15983,-0.35345,0.72
2.15983,-0.43199,0.792
2.15983,-0.51053,0.816
2.15983,-0.58907,0.77
2.15983,-0.66761,0.693
2.15983,-0.74615,0.643
2.15983,-0.82469,0.614
2.15983,-0.90323,0.361
2.15983,-0.98177,0.0
2.15983,-1.06031,0.0
2.15983,-1.13885,0.0
2.15983,-1.21739,0.0
2.15983,-1.29593,0.0
2.15983,-1.37447,0.0
2.15983,-1.45301,0.0
2.15983,-1.53155,0.0
2.15983,0.03925,0.614
2.15983,0.11779,0.606
2.15983,0.19633,0.601
2.15983,0.27487,0.593
2.15983,0.35341,0.586
2.15983,0.43195,0.579
2.15983,0.51049,0.572
2.15983,0.58903,0.568
2.15983,0.66757,0.564
2.15983,0.74611,0.562
2.15983,0.82465,0.557
2.15983,0.90319,0.554
2.15983,0.98173,0.547
2.15983,1.06027,0.545
2.15983,1.13881,0.543
2.15983,1.21735,0.541
2.15983,1.29589,0.541
2.15983,1.37443,0.533
2.15983,1.45297,0.291
2.15983,1.53151,0.0
2.23836,-0.03929,0.639
2.23836,-0.11783,0.656
2.23836,-0.19637,0.683
2.23836,-0.27491,0.721
2.23836,-0.35345,0.758
2.23836,-0.43199,0.832
2.23836,-0.51053,0.93
2.23836,-0.58907,0.907
2.23836,-0.66761,0.718
2.23836,-0.74615,0.66
2.23836,-0.82469,0.622
2.23836,-0.90323,0.512
2.23836,-0.98177,0.0
2.23836,-1.06031,0.0
2.23836,-1.13885,0.0
2.23836,-1.21739,0.0
2.23836,-1.29593,0.0
2.23836,-1.37447,0.0
2.23836,-1.45301,0.0
2.23836,-1.53155,0.0
2.23836,0.03925,0.624
2.23836,0.11779,0.611
2.23836,0.19633,0.603
2.23836,0.27487,0.594
2.23836,0.35341,0.59
2.23836,0.43195,0.584
2.23836,0.51049,0.58
2.23836,0.58903,0.573
2.23836,0.66757,0.569
2.23836,0.74611,0.564
2.23836,0.82465,0.56
2.23836,0.90319,0.555
2.23836,0.98173,0.551
2.23836,1.06027,0.548
2.23836,1.13881,0.542
2.23836,1.21735,0.541
2.23836,1.29589,0.54
2.23836,1.37443,0.471
2.23836,1.45297,0.248
2.23836,1.53151,0.0
2.3169,-0.03929,0.639
2.3169,-0.11783,0.656
2.3169,-0.19637,0.683
2.3169,-0.27491,0.721
2.3169,-0.35345,0.792
2.3169,-0.43199,0.916
2.3169,-0.51053,0.917
2.3169,-0.58907,0.899
2.3169,-0.66761,0.744
2.3169,-0.74615,0.668
2.3169,-0.82469,0.629
2.3169,-0.90323,0.592
2.3169,-0.98177,0.352
2.3169,-1.06031,0.0
2.3169,-1.13885,0.0
2.3169,-1.21739,0.0
2.3169,-1.29593,0.0
2.3169,-1.37447,0.0
2.3169,-1.45301,0.0
2.3169,-1.53155,0.0
2.3169,0.03925,0.624
2.3169,0.11779,0.614
2.3169,0.19633,0.606
2.3169,0.27487,0.601
2.3169,0.35341,0.593
2.3169,0.43195,0.586
2.3169,0.51049,0.579
2.3169,0.58903,0.574
2.3169,0.66757,0.569
2.3169,0.74611,0.564
2.3169,0.82465,0.562
2.3169,0.90319,0.557
2.3169,0.98173,0.554
2.3169,1.06027,0.548
2.3169,1.13881,0.544
2.3169,1.21735,0.539
2.3169,1.29589,0.54
2.3169,1.37443,0.468
2.3169,1.45297,0.247
2.3169,1.53151,0.0
2.39544,-0.03929,0.652
2.39544,-0.11783,0.678
2.39544,-0.19637,0.683
2.39544,-0.27491,0.726
2.39544,-0.35345,0.832
2.39544,-0.43199,0.914
2.39544,-0.51053,0.93
2.39544,-0.58907,0.901
2.39544,-0.66761,0.752
2.39544,-0.74615,0.674
2.39544,-0.82469,0.63
2.39544,-0.90323,0.599
2.39544,-0.98177,0.506
2.39544,-1.06031,0.251
2.39544,-1.13885,0.0
2.39544,-1.21739,0.0
2.39544,-1.29593,0.0
2.39544,-1.37447,0.0
2.39544,-1.45301,0.0
2.39544,-1.53155,0.0
2.39544,0.03925,0.624
2.39544,0.11779,0.614
2.39544,0.19633,0.606
2.39544,0.27487,0.601
2.39544,0.35341,0.594
2.39544,0.43195,0.59
2.39544,0.51049,0.584
2.39544,0.58903,0.58
2.39544,0.66757,0.573
2.39544,0.74611,0.569
2.39544,0.82465,0.564
2.39544,0.90319,0.56
2.39544,0.98173,0.555
2.39544,1.06027,0.548
2.39544,1.13881,0.545
2.39544,1.21735,0.54
2.39544,1.29589,0.54
2.39544,1.37443,0.471
2.39544,1.45297,0.248
2.39544,1.53151,0.0
2.47398,-0.03929,0.656
2.47398,-0.11783,0.683
2.47398,-0.19637,0.721
2.47398,-0.27491,0.758
2.47398,-0.35345,0.916
2.47398,-0.43199,0.917
2.47398,-0.51053,0.914
2.47398,-0.58907,0.884
2.47398,-0.66761,0.744
2.47398,-0.74615,0.667
2.47398,-0.82469,0.628
2.47398,-0.90323,0.603
2.47398,-0.98177,0.592
2.47398,-1.06031,0.322
2.47398,-1.13885,0.0
2.47398,-1.21739,0.0
2.47398,-1.29593,0.0
2.47398,-1.37447,0.0
2.47398,-1.45301,0.0
2.47398,-1.53155,0.0
2.47398,0.03925,0.639
2.47398,0.11779,0.624
2.47398,0.19633,0.611
2.47398,0.27487,0.603
2.47398,0.35341,0.594
2.47398,0.43195,0.59
2.47398,0.51049,0.584
2.47398,0.58903,0.58
2.47398,0.66757,0.574
2.47398,0.74611,0.569
2.47398,0.82465,0.564
2.47398,0.90319,0.56
2.47398,0.98173,0.555
2.47398,1.06027,0.551
2.47398,1.13881,0.548
2.47398,1.21735,0.542
2.47398,1.29589,0.516
2.47398,1.37443,0.468
2.47398,1.45297,0.247
2.47398,1.53151,0.0
2.55252,-0.03929,0.679
2.55252,-0.11783,0.766
2.55252,-0.19637,0.826
2.55252,-0.27491,0.833
2.55252,-0.35345,0.916
2.55252,-0.43199,0.917
2.55252,-0.51053,0.907
2.55252,-0.58907,0.867
2.55252,-0.66761,0.72
2.55252,-0.74615,0.659
2.55252,-0.82469,0.629
2.55252,-0.90323,0.611
2.55252,-0.98177,0.596
2.55252,-1.06031,0.504
2.55252,-1.13885,0.0
2.55252,-1.21739,0.0
2.55252,-1.29593,0.0
2.55252,-1.37447,0.0
2.55252,-1.45301,0.0
2.55252,-1.53155,0.0
2.55252,0.03925,0.642
2.55252,0.11779,0.622
2.55252,0.19633,0.614
2.55252,0.27487,0.606
2.55252,0.35341,0.601
2.55252,0.43195,0.593
2.55252,0.51049,0.586
2.55252,0.58903,0.58
2.55252,0.66757,0.574
2.55252,0.74611,0.569
2.55252,0.82465,0.564
2.55252,0.90319,0.562
2.55252,0.98173,0.557
2.55252,1.06027,0.554
2.55252,1.13881,0.547
2.55252,1.21735,0.541
2.55252,1.29589,0.517
2.55252,1.37443,0.467
2.55252,1.45297,0.222
2.55252,1.53151,0.0
2.63106,-0.03929,0.766
2.63106,-0.11783,0.872
2.63106,-0.19637,0.931
2.63106,-0.27491,0.929
2.63106,-0.35345,0.933
2.63106,-0.43199,0.917
2.63106,-0.51053,0.901
2.63106,-0.58907,0.78
2.63106,-0.66761,0.698
2.63106,-0.74615,0.673
2.63106,-0.82469,0.637
2.63106,-0.90323,0.618
2.63106,-0.98177,0.602
2.63106,-1.06031,0.506
2.63106,-1.13885,0.0
2.63106,-1.21739,0.0
2.63106,-1.29593,0.0
2.63106,-1.37447,0.0
2.63106,-1.45301,0.0
2.63106,-1.53155,0.0
2.63106,0.03925,0.692
2.63106,0.11779,0.647
2.63106,0.19633,0.621
2.63106,0.27487,0.606
2.63106,0.35341,0.599
2.63106,0.43195,0.594
2.63106,0.51049,0.59
2.63106,0.58903,0.584
2.63106,0.66757,0.58
2.63106,0.74611,0.573
2.63106,0.82465,0.569
2.63106,0.90319,0.564
2.63106,0.98173,0.56
2.63106,1.06027,0.555
2.63106,1.13881,0.548
2.63106,1.21735,0.541
2.63106,1.29589,0.515
2.63106,1.37443,0.343
2.63106,1.45297,0.116
2.63106,1.53151,0.0
2.7096,-0.03929,0.872
2.7096,-0.11783,0.931
2.7096,-0.19637,0.929
2.7096,-0.27491,0.933
2.7096,-0.35345,0.92
2.7096,-0.43199,0.923
2.7096,-0.51053,0.943
2.7096,-0.58907,0.797
2.7096,-0.66761,0.723
2.7096,-0.74615,0.681
2.7096,-0.82469,0.644
2.7096,-0.90323,0.622
2.7096,-0.98177,0.605
2.7096,-1.06031,0.525
2.7096,-1.13885,0.285
2.7096,-1.21739,0.0
2.7096,-1.29593,0.0
2.7096,-1.37447,0.0
2.7096,-1.45301,0.0
2.7096,-1.53155,0.0
2.7096,0.03925,0.755
2.7096,0.11779,0.692
2.7096,0.19633,0.647
2.7096,0.27487,0.621
2.7096,0.35341,0.606
2.7096,0.43195,0.593
2.7096,0.51049,0.588
2.7096,0.58903,0.582
2.7096,0.66757,0.577
2.7096,0.74611,0.574
2.7096,0.82465,0.569
2.7096,0.90319,0.564
2.7096,0.98173,0.559
2.7096,1.06027,0.552
2.7096,1.13881,0.546
2.7096,1.21735,0.541
2.7096,1.29589,0.514
2.7096,1.37443,0.342
2.7096,1.45297,0.0
2.7096,1.53151,0.0
2.78814,-0.03929,0.921
2.78814,-0.11783,0.931
2.78814,-0.19637,0.929
2.78814,-0.27491,0.933
2.78814,-0.35345,0.923
2.78814,-0.43199,0.943
2.78814,-0.51053,0.922
2.78814,-0.58907,0.766
2.78814,-0.66761,0.747
2.78814,-0.74615,0.691
2.78814,-0.82469,0.655
2.78814,-0.90323,0.629
2.78814,-0.98177,0.604
2.78814,-1.06031,0.592
2.78814,-1.13885,0.44
2.78814,-1.21739,0.2
2.78814,-1.29593,0.0
2.78814,-1.37447,0.0
2.78814,-1.45301,0.0
2.78814,-1.53155,0.0
2.78814,0.03925,0.806
2.78814,0.11779,0.732
2.78814,0.19633,0.683
2.78814,0.27487,0.642
2.78814,0.35341,0.619
2.78814,0.43195,0.605
2.78814,0.51049,0.589
2.78814,0.58903,0.584
2.78814,0.66757,0.578
2.78814,0.74611,0.573
2.78814,0.82465,0.569
2.78814,0.90319,0.562
2.78814,0.98173,0.557
2.78814,1.06027,0.554
2.78814,1.13881,0.546
2.78814,1.21735,0.54
2.78814,1.29589,0.515
2.78814,1.37443,0.343
2.78814,1.45297,0.0
2.78814,1.53151,0.0
2.86668,-0.03929,0.921
2.86668,-0.11783,0.931
2.86668,-0.19637,0.929
2.86668,-0.27491,0.933
2.86668,-0.35345,0.923
2.86668,-0.43199,0.943
2.86668,-0.51053,0.917
2.86668,-0.58907,0.911
2.86668,-0.66761,0.777
2.86668,-0.74615,0.699
2.86668,-0.82469,0.657
2.86668,-0.90323,0.627
2.86668,-0.98177,0.61
2.86668,-1.06031,0.594
2.86668,-1.13885,0.47
2.86668,-1.21739,0.403
2.86668,-1.29593,0.199
2.86668,-1.37447,0.0
2.86668,-1.45301,0.0
2.86668,-1.53155,0.0
2.86668,0.03925,0.878
2.86668,0.11779,0.746
2.86668,0.19633,0.695
2.86668,0.27487,0.661
2.86668,0.35341,0.636
2.86668,0.43195,0.63
2.86668,0.51049,0.619
2.86668,0.58903,0.594
2.86668,0.66757,0.58
2.86668,0.74611,0.573
2.86668,0.82465,0.569
2.86668,0.90319,0.562
2.86668,0.98173,0.559
2.86668,1.06027,0.551
2.86668,1.13881,0.546
2.86668,1.21735,0.54
2.86668,1.29589,0.514
2.86668,1.37443,0.342
2.86668,1.45297,0.0
2.86668,1.53151,0.0
2.94522,-0.03929,0.921
2.94522,-0.11783,0.919
2.94522,-0.19637,0.919
2.94522,-0.27491,0.92
2.94522,-0.35345,0.923
2.94522,-0.43199,0.943
2.94522,-0.51053,0.915
2.94522,-0.58907,0.925
2.94522,-0.66761,0.79
2.94522,-0.74615,0.704
2.94522,-0.82469,0.658
2.94522,-0.90323,0.628
2.94522,-0.98177,0.607
2.94522,-1.06031,0.591
2.94522,-1.13885,0.521
2.94522,-1.21739,0.473
2.94522,-1.29593,0.398
2.94522,-1.37447,0.199
2.94522,-1.45301,0.0
2.94522,-1.53155,0.0
2.94522,0.03925,0.884
2.94522,0.11779,0.755
2.94522,0.19633,0.697
2.94522,0.27487,0.668
2.94522,0.35341,0.649
2.94522,0.43195,0.641
2.94522,0.51049,0.63
2.94522,0.58903,0.621
2.94522,0.66757,0.604
2.94522,0.74611,0.577
2.94522,0.82465,0.568
2.94522,0.90319,0.564
2.94522,0.98173,0.556
2.94522,1.06027,0.551
2.94522,1.13881,0.545
2.94522,1.21735,0.539
2.94522,1.29589,0.513
2.94522,1.37443,0.341
2.94522,1.45297,0.0
2.94522,1.53151,0.0
3.02376,-0.03929,0.931
3.02376,-0.11783,0.929
3.02376,-0.19637,0.933
3.02376,-0.27491,0.916
3.02376,-0.35345,0.918
3.02376,-0.43199,0.922
3.02376,-0.51053,0.925
3.02376,-0.58907,0.899
3.02376,-0.66761,0.794
3.02376,-0.74615,0.697
3.02376,-0.82469,0.657
3.02376,-0.90323,0.629
3.02376,-0.98177,0.606
3.02376,-1.06031,0.593
3.02376,-1.13885,0.521
3.02376,-1.21739,0.473
3.02376,-1.29593,0.465
3.02376,-1.37447,0.253
3.02376,-1.45301,0.0
3.02376,-1.53155,0.0
3.02376,0.03925,0.888
3.02376,0.11779,0.761
3.02376,0.19633,0.707
3.02376,0.27487,0.687
3.02376,0.35341,0.667
3.02376,0.43195,0.649
3.02376,0.51049,0.636
3.02376,0.58903,0.624
3.02376,0.66757,0.616
3.02376,0.74611,0.581
3.02376,0.82465,0.572
3.02376,0.90319,0.561
3.02376,0.98173,0.556
3.02376,1.06027,0.551
3.02376,1.13881,0.544
3.02376,1.21735,0.539
3.02376,1.29589,0.512
3.02376,1.37443,0.341
3.02376,1.45297,0.0
3.02376,1.53151,0.0
3.1023,-0.03929,0.924
3.1023,-0.11783,0.919
3.1023,-0.19637,0.92
3.1023,-0.27491,0.939
3.1023,-0.35345,0.943
3.1023,-0.43199,0.917
3.1023,-0.51053,0.925
3.1023,-0.58907,0.887
3.1023,-0.66761,0.768
3.1023,-0.74615,0.689
3.1023,-0.82469,0.651
3.1023,-0.90323,0.628
3.1023,-0.98177,0.606
3.1023,-1.06031,0.587
3.1023,-1.13885,0.525
3.1023,-1.21739,0.478
3.1023,-1.29593,0.47
3.1023,-1.37447,0.395
3.1023,-1.45301,0.0
3.1023,-1.53155,0.0
3.1023,0.03925,0.921
3.1023,0.11779,0.806
3.1023,0.19633,0.741
3.1023,0.27487,0.71
3.1023,0.35341,0.684
3.1023,0.43195,0.663
3.1023,0.51049,0.642
3.1023,0.58903,0.63
3.1023,0.66757,0.619
3.1023,0.74611,0.611
3.1023,0.82465,0.572
3.1023,0.90319,0.561
3.1023,0.98173,0.555
3.1023,1.06027,0.55
3.1023,1.13881,0.543
3.1023,1.21735,0.537
3.1023,1.29589,0.512
3.1023,1.37443,0.256
3.1023,1.45297,0.0
3.1023,1.53151,0.0
3.18084,-0.03929,0.929
3.18084,-0.11783,0.925
3.18084,-0.19637,0.924
3.18084,-0.27491,0.939
3.18084,-0.35345,0.939
3.18084,-0.43199,0.915
3.18084,-0.51053,0.925
3.18084,-0.58907,0.872
3.18084,-0.66761,0.729
3.18084,-0.74615,0.676
3.18084,-0.82469,0.643
3.18084,-0.90323,0.62
3.18084,-0.98177,0.598
3.18084,-1.06031,0.546
3.18084,-1.13885,0.529
3.18084,-1.21739,0.481
3.18084,-1.29593,0.474
3.18084,-1.37447,0.398
3.18084,-1.45301,0.0
3.18084,-1.53155,0.0
3.18084,0.03925,0.943
3.18084,0.11779,0.878
3.18084,0.19633,0.789
3.18084,0.27487,0.735
3.18084,0.35341,0.699
3.18084,0.43195,0.671
3.18084,0.51049,0.651
3.18084,0.58903,0.635
3.18084,0.66757,0.623
3.18084,0.74611,0.615
3.18084,0.82465,0.573
3.18084,0.90319,0.566
3.18084,0.98173,0.558
3.18084,1.06027,0.549
3.18084,1.13881,0.543
3.18084,1.21735,0.535
3.18084,1.29589,0.438
3.18084,1.37443,0.0
3.18084,1.45297,0.0
3.18084,1.53151,0.0
3.25938,-0.03929,0.929
3.25938,-0.11783,0.925
3.25938,-0.19637,0.924
3.25938,-0.27491,0.928
3.25938,-0.35345,0.939
3.25938,-0.43199,0.931
3.25938,-0.51053,0.899
3.25938,-0.58907,0.794
3.25938,-0.66761,0.705
3.25938,-0.74615,0.661
3.25938,-0.82469,0.636
3.25938,-0.90323,0.615
3.25938,-0.98177,0.597
3.25938,-1.06031,0.545
3.25938,-1.13885,0.529
3.25938,-1.21739,0.481
3.25938,-1.29593,0.474
3.25938,-1.37447,0.463
3.25938,-1.45301,0.23
3.25938,-1.53155,0.0
3.25938,0.03925,0.943
3.25938,0.11779,0.932
3.25938,0.19633,0.907
3.25938,0.27487,0.761
3.25938,0.35341,0.711
3.25938,0.43195,0.678
3.25938,0.51049,0.653
3.25938,0.58903,0.635
3.25938,0.66757,0.626
3.25938,0.74611,0.615
3.25938,0.82465,0.577
3.25938,0.90319,0.568
3.25938,0.98173,0.56
3.25938,1.06027,0.55
3.25938,1.13881,0.542
3.25938,1.21735,0.535
3.25938,1.29589,0.436
3.25938,1.37443,0.0
3.25938,1.45297,0.0
3.25938,1.53151,0.0
3.33792,-0.03929,0.924
3.33792,-0.11783,0.918
3.33792,-0.19637,0.919
3.33792,-0.27491,0.939
3.33792,-0.35345,0.922
3.33792,-0.43199,0.931
3.33792,-0.51053,0.892
3.33792,-0.58907,0.768
3.33792,-0.66761,0.689
3.33792,-0.74615,0.651
3.33792,-0.82469,0.628
3.33792,-0.90323,0.606
3.33792,-0.98177,0.592
3.33792,-1.06031,0.548
3.33792,-1.13885,0.529
3.33792,-1.21739,0.513
3.33792,-1.29593,0.474
3.33792,-1.37447,0.463
3.33792,-1.45301,0.306
3.33792,-1.53155,0.0
3.33792,0.03925,0.922
3.33792,0.11779,0.932
3.33792,0.19633,0.907
3.33792,0.27487,0.81
3.33792,0.35341,0.721
3.33792,0.43195,0.681
3.33792,0.51049,0.656
3.33792,0.58903,0.641
3.33792,0.66757,0.626
3.33792,0.74611,0.617
3.33792,0.82465,0.581
3.33792,0.90319,0.572
3.33792,0.98173,0.561
3.33792,1.06027,0.549
3.33792,1.13881,0.541
3.33792,1.21735,0.514
3.33792,1.29589,0.28
3.33792,1.37443,0.0
3.33792,1.45297,0.0
3.33792,1.53151,0.0
3.41646,-0.03929,0.929
3.41646,-0.11783,0.925
3.41646,-0.19637,0.924
3.41646,-0.27491,0.928
3.41646,-0.35345,0.939
3.41646,-0.43199,0.922
3.41646,-0.51053,0.892
3.41646,-0.58907,0.75
3.41646,-0.66761,0.676
3.41646,-0.74615,0.643
3.41646,-0.82469,0.62
3.41646,-0.90323,0.599
3.41646,-0.98177,0.587
3.41646,-1.06031,0.55
3.41646,-1.13885,0.529
3.41646,-1.21739,0.513
3.41646,-1.29593,0.481
3.41646,-1.37447,0.467
3.41646,-1.45301,0.307
3.41646,-1.53155,0.0
3.41646,0.03925,0.943
3.41646,0.11779,0.92
3.41646,0.19633,0.923
3.41646,0.27487,0.83
3.41646,0.35341,0.728
3.41646,0.43195,0.681
3.41646,0.51049,0.657
3.41646,0.58903,0.641
3.41646,0.66757,0.627
3.41646,0.74611,0.62
3.41646,0.82465,0.58
3.41646,0.90319,0.57
3.41646,0.98173,0.56
3.41646,1.06027,0.549
3.41646,1.13881,0.537
3.41646,1.21735,0.458
3.41646,1.29589,0.22
3.41646,1.37443,0.0
3.41646,1.45297,0.0
3.41646,1.53151,0.0
3.495,-0.03929,0.919
3.495,-0.11783,0.918
3.495,-0.19637,0.939
3.495,-0.27491,0.92
3.495,-0.35345,0.922
3.495,-0.43199,0.931
3.495,-0.51053,0.926
3.495,-0.58907,0.785
3.495,-0.66761,0.676
3.495,-0.74615,0.636
3.495,-0.82469,0.615
3.495,-0.90323,0.597
3.495,-0.98177,0.563
3.495,-1.06031,0.55
3.495,-1.13885,0.527
3.495,-1.21739,0.508
3.495,-1.29593,0.482
3.495,-1.37447,0.471
3.495,-1.45301,0.311
3.495,-1.53155,0.0
3.495,0.03925,0.924
3.495,0.11779,0.932
3.495,0.19633,0.923
3.495,0.27487,0.841
3.495,0.35341,0.733
3.495,0.43195,0.684
3.495,0.51049,0.663
3.495,0.58903,0.642
3.495,0.66757,0.63
3.495,0.74611,0.62
3.495,0.82465,0.611
3.495,0.90319,0.569
3.495,0.98173,0.559
3.495,1.06027,0.547
3.495,1.13881,0.536
3.495,1.21735,0.457
3.495,1.29589,0.0
3.495,1.37443,0.0
3.495,1.45297,0.0
3.495,1.53151,0.0
3.57354,-0.03929,0.925
3.57354,-0.11783,0.924
3.57354,-0.19637,0.928
3.57354,-0.27491,0.939
3.57354,-0.35345,0.92
3.57354,-0.43199,0.922
3.57354,-0.51053,0.926
3.57354,-0.58907,0.785
3.57354,-0.66761,0.676
3.57354,-0.74615,0.628
3.57354,-0.82469,0.606
3.57354,-0.90323,0.592
3.57354,-0.98177,0.563
3.57354,-1.06031,0.548
3.57354,-1.13885,0.529
3.57354,-1.21739,0.513
3.57354,-1.29593,0.494
3.57354,-1.37447,0.471
3.57354,-1.45301,0.312
3.57354,-1.53155,0.0
3.57354,0.03925,0.929
3.57354,0.11779,0.943
3.57354,0.19633,0.917
3.57354,0.27487,0.841
3.57354,0.35341,0.735
3.57354,0.43195,0.699
3.57354,0.51049,0.671
3.57354,0.58903,0.651
3.57354,0.66757,0.635
3.57354,0.74611,0.623
3.57354,0.82465,0.615
3.57354,0.90319,0.569
3.57354,0.98173,0.556
3.57354,1.06027,0.547
3.57354,1.13881,0.535
3.57354,1.21735,0.291
3.57354,1.29589,0.0
3.57354,1.37443,0.0
3.57354,1.45297,0.0
3.57354,1.53151,0.0
3.65208,-0.03929,0.918
3.65208,-0.11783,0.919
3.65208,-0.19637,0.92
3.65208,-0.27491,0.922
3.65208,-0.35345,0.931
3.65208,-0.43199,0.921
3.65208,-0.51053,0.899
3.65208,-0.58907,0.773
3.65208,-0.66761,0.672
3.65208,-0.74615,0.626
3.65208,-0.82469,0.601
3.65208,-0.90323,0.587
3.65208,-0.98177,0.563
3.65208,-1.06031,0.55
3.65208,-1.13885,0.525
3.65208,-1.21739,0.508
3.65208,-1.29593,0.494
3.65208,-1.37447,0.471
3.65208,-1.45301,0.312
3.65208,-1.53155,0.0
3.65208,0.03925,0.919
3.65208,0.11779,0.922
3.65208,0.19633,0.932
3.65208,0.27487,0.907
3.65208,0.35341,0.761
3.65208,0.43195,0.711
3.65208,0.51049,0.678
3.65208,0.58903,0.653
3.65208,0.66757,0.635
3.65208,0.74611,0.626
3.65208,0.82465,0.615
3.65208,0.90319,0.564
3.65208,0.98173,0.556
3.65208,1.06027,0.539
3.65208,1.13881,0.323
3.65208,1.21735,0.0
3.65208,1.29589,0.0
3.65208,1.37443,0.0
3.65208,1.45297,0.0
3.65208,1.53151,0.0
3.73062,-0.03929,0.95
3.73062,-0.11783,0.917
3.73062,-0.19637,0.918
3.73062,-0.27491,0.92
3.73062,-0.35345,0.922
3.73062,-0.43199,0.919
3.73062,-0.51053,0.926
3.73062,-0.58907,0.785
3.73062,-0.66761,0.676
3.73062,-0.74615,0.628
3.73062,-0.82469,0.6
3.73062,-0.90323,0.579
3.73062,-0.98177,0.559
3.73062,-1.06031,0.547
3.73062,-1.13885,0.526
3.73062,-1.21739,0.508
3.73062,-1.29593,0.494
3.73062,-1.37447,0.471
3.73062,-1.45301,0.31
3.73062,-1.53155,0.0
3.73062,0.03925,0.931
3.73062,0.11779,0.917
3.73062,0.19633,0.92
3.73062,0.27487,0.892
3.73062,0.35341,0.81
3.73062,0.43195,0.721
3.73062,0.51049,0.681
3.73062,0.58903,0.656
3.73062,0.66757,0.641
3.73062,0.74611,0.626
3.73062,0.82465,0.617
3.73062,0.90319,0.56
3.73062,0.98173,0.552
3.73062,1.06027,0.466
3.73062,1.13881,0.0
3.73062,1.21735,0.0
3.73062,1.29589,0.0
3.73062,1.37443,0.0
3.73062,1.45297,0.0
3.73062,1.53151,0.0
3.80916,-0.03929,0.95
3.80916,-0.11783,0.94
3.80916,-0.19637,0.917
3.80916,-0.27491,0.918
3.80916,-0.35345,0.921
3.80916,-0.43199,0.919
3.80916,-0.51053,0.899
3.80916,-0.58907,0.773
3.80916,-0.66761,0.668
3.80916,-0.74615,0.625
3.80916,-0.82469,0.601
3.80916,-0.90323,0.578
3.80916,-0.98177,0.563
3.80916,-1.06031,0.542
3.80916,-1.13885,0.522
3.80916,-1.21739,0.509
3.80916,-1.29593,0.496
3.80916,-1.37447,0.486
3.80916,-1.45301,0.31
3.80916,-1.53155,0.0
3.80916,0.03925,0.931
3.80916,0.11779,0.915
3.80916,0.19633,0.916
3.80916,0.27487,0.923
3.80916,0.35341,0.83
3.80916,0.43195,0.728
3.80916,0.51049,0.681
3.80916,0.58903,0.657
3.80916,0.66757,0.64
3.80916,0.74611,0.627
3.80916,0.82465,0.62
3.80916,0.90319,0.553
3.80916,0.98173,0.55
3.80916,1.06027,0.463
3.80916,1.13881,0.0
3.80916,1.21735,0.0
3.80916,1.29589,0.0
3.80916,1.37443,0.0
3.80916,1.45297,0.0
3.80916,1.53151,0.0
3.8877,-0.03929,0.925
3.8877,-0.11783,0.94
3.8877,-0.19637,0.916
3.8877,-0.27491,0.918
3.8877,-0.35345,0.919
3.8877,-0.43199,0.926
3.8877,-0.51053,0.879
3.8877,-0.58907,0.729
3.8877,-0.66761,0.659
3.8877,-0.74615,0.622
3.8877,-0.82469,0.6
3.8877,-0.90323,0.579
3.8877,-0.98177,0.558
3.8877,-1.06031,0.54
3.8877,-1.13885,0.522
3.8877,-1.21739,0.514
3.8877,-1.29593,0.503
3.8877,-1.37447,0.495
3.8877,-1.45301,0.309
3.8877,-1.53155,0.018
3.8877,0.03925,0.921
3.8877,0.11779,0.918
3.8877,0.19633,0.914
3.8877,0.27487,0.917
3.8877,0.35341,0.841
3.8877,0.43195,0.733
3.8877,0.51049,0.684
3.8877,0.58903,0.657
3.8877,0.66757,0.64
3.8877,0.74611,0.627
3.8877,0.82465,0.62
3.8877,0.90319,0.549
3.8877,0.98173,0.544
3.8877,1.06027,0.297
3.8877,1.13881,0.0
3.8877,1.21735,0.0
3.8877,1.29589,0.0
3.8877,1.37443,0.0
3.8877,1.45297,0.0
3.8877,1.53151,0.0
3.96624,-0.03929,0.92
3.96624,-0.11783,0.925
3.96624,-0.19637,0.934
3.96624,-0.27491,0.916
3.96624,-0.35345,0.919
3.96624,-0.43199,0.918
3.96624,-0.51053,0.812
3.96624,-0.58907,0.702
3.96624,-0.66761,0.65
3.96624,-0.74615,0.616
3.96624,-0.82469,0.593
3.96624,-0.90323,0.57
3.96624,-0.98177,0.555
3.96624,-1.06031,0.533
3.96624,-1.13885,0.522
3.96624,-1.21739,0.514
3.96624,-1.29593,0.503
3.96624,-1.37447,0.496
3.96624,-1.45301,0.269
3.96624,-1.53155,0.018
3.96624,0.03925,0.95
3.96624,0.11779,0.931
3.96624,0.19633,0.913
3.96624,0.27487,0.915
3.96624,0.35341,0.835
3.96624,0.43195,0.729
3.96624,0.51049,0.685
3.96624,0.58903,0.659
3.96624,0.66757,0.642
3.96624,0.74611,0.629
3.96624,0.82465,0.62
3.96624,0.90319,0.541
3.96624,0.98173,0.464
3.96624,1.06027,0.232
3.96624,1.13881,0.0
3.96624,1.21735,0.0
3.96624,1.29589,0.0
3.96624,1.37443,0.0
3.96624,1.45297,0.0
3.96624,1.53151,0.0
4.04478,-0.03929,0.94
4.04478,-0.11783,0.919
4.04478,-0.19637,0.934
4.04478,-0.27491,0.917
4.04478,-0.35345,0.918
4.04478,-0.43199,0.879
4.04478,-0.51053,0.729
4.04478,-0.58907,0.67
4.04478,-0.66761,0.631
4.04478,-0.74615,0.609
4.04478,-0.82469,0.592
4.04478,-0.90323,0.57
4.04478,-0.98177,0.549
4.04478,-1.06031,0.528
4.04478,-1.13885,0.522
4.04478,-1.21739,0.515
4.04478,-1.29593,0.503
4.04478,-1.37447,0.496
4.04478,-1.45301,0.315
4.04478,-1.53155,0.014
4.04478,0.03925,0.925
4.04478,0.11779,0.921
4.04478,0.19633,0.913
4.04478,0.27487,0.914
4.04478,0.35341,0.785
4.04478,0.43195,0.726
4.04478,0.51049,0.685
4.04478,0.58903,0.659
4.04478,0.66757,0.642
4.04478,0.74611,0.628
4.04478,0.82465,0.62
4.04478,0.90319,0.537
4.04478,0.98173,0.322
4.04478,1.06027,0.0
4.04478,1.13881,0.0
4.04478,1.21735,0.0
4.04478,1.29589,0.0
4.04478,1.37443,0.0
4.04478,1.45297,0.0
4.04478,1.53151,0.0
4.12332,-0.03929,0.925
4.12332,-0.11783,0.917
4.12332,-0.19637,0.962
4.12332,-0.27491,0.916
4.12332,-0.35345,0.918
4.12332,-0.43199,0.812
4.12332,-0.51053,0.702
4.12332,-0.58907,0.65
4.12332,-0.66761,0.617
4.12332,-0.74615,0.6
4.12332,-0.82469,0.582
4.12332,-0.90323,0.563
4.12332,-0.98177,0.538
4.12332,-1.06031,0.529
4.12332,-1.13885,0.534
4.12332,-1.21739,0.52
4.12332,-1.29593,0.504
4.12332,-1.37447,0.496
4.12332,-1.45301,0.315
4.12332,-1.53155,0.0
4.12332,0.03925,0.95
4.12332,0.11779,0.931
4.12332,0.19633,0.918
4.12332,0.27487,0.88
4.12332,0.35341,0.756
4.12332,0.43195,0.717
4.12332,0.51049,0.682
4.12332,0.58903,0.658
4.12332,0.66757,0.641
4.12332,0.74611,0.628
4.12332,0.82465,0.619
4.12332,0.90319,0.37
4.12332,0.98173,0.0
4.12332,1.06027,0.0
4.12332,1.13881,0.0
4.12332,1.21735,0.0
4.12332,1.29589,0.0
4.12332,1.37443,0.0
4.12332,1.45297,0.0
4.12332,1.53151,0.0
4.20186,-0.03929,0.94
4.20186,-0.11783,0.934
4.20186,-0.19637,0.962
4.20186,-0.27491,0.893
4.20186,-0.35345,0.843
4.20186,-0.43199,0.727
4.20186,-0.51053,0.67
4.20186,-0.58907,0.631
4.20186,-0.66761,0.609
4.20186,-0.74615,0.592
4.20186,-0.82469,0.57
4.20186,-0.90323,0.55
4.20186,-0.98177,0.532
4.20186,-1.06031,0.541
4.20186,-1.13885,0.528
4.20186,-1.21739,0.526
4.20186,-1.29593,0.504
4.20186,-1.37447,0.496
4.20186,-1.45301,0.315
4.20186,-1.53155,0.0
4.20186,0.03925,0.925
4.20186,0.11779,0.95
4.20186,0.19633,0.931
4.20186,0.27487,0.906
4.20186,0.35341,0.746
4.20186,0.43195,0.715
4.20186,0.51049,0.679
4.20186,0.58903,0.656
4.20186,0.66757,0.64
4.20186,0.74611,0.63
4.20186,0.82465,0.621
4.20186,0.90319,0.338
4.20186,0.98173,0.0
4.20186,1.06027,0.0
4.20186,1.13881,0.0
4.20186,1.21735,0.0
4.20186,1.29589,0.0
4.20186,1.37443,0.0
4.20186,1.45297,0.0
4.20186,1.53151,0.0
4.2804,-0.03929,0.925
4.2804,-0.11783,0.929
4.2804,-0.19637,0.855
4.2804,-0.27491,0.797
4.2804,-0.35345,0.734
4.2804,-0.43199,0.68
4.2804,-0.51053,0.645
4.2804,-0.58907,0.617
4.2804,-0.66761,0.6
4.2804,-0.74615,0.582
4.2804,-0.82469,0.563
4.2804,-0.90323,0.538
4.2804,-0.98177,0.524
4.2804,-1.06031,0.542
4.2804,-1.13885,0.534
4.2804,-1.21739,0.52
4.2804,-1.29593,0.513
4.2804,-1.37447,0.496
4.2804,-1.45301,0.423
4.2804,-1.53155,0.0
4.2804,0.03925,0.94
4.2804,0.11779,0.925
4.2804,0.19633,0.921
4.2804,0.27487,0.838
4.2804,0.35341,0.821
4.2804,0.43195,0.723
4.2804,0.51049,0.681
4.2804,0.58903,0.658
4.2804,0.66757,0.641
4.2804,0.74611,0.628
4.2804,0.82465,0.618
4.2804,0.90319,0.336
4.2804,0.98173,0.0
4.2804,1.06027,0.0
4.2804,1.13881,0.0
4.2804,1.21735,0.0
4.2804,1.29589,0.0
4.2804,1.37443,0.0
4.2804,1.45297,0.0
4.2804,1.53151,0.0
4.35894,-0.03929,0.919
4.35894,-0.11783,0.962
4.35894,-0.19637,0.769
4.35894,-0.27491,0.712
4.35894,-0.35345,0.676
4.35894,-0.43199,0.649
4.35894,-0.51053,0.624
4.35894,-0.58907,0.602
4.35894,-0.66761,0.589
4.35894,-0.74615,0.57
4.35894,-0.82469,0.55
4.35894,-0.90323,0.534
4.35894,-0.98177,0.546
4.35894,-1.06031,0.541
4.35894,-1.13885,0.534
4.35894,-1.21739,0.526
4.35894,-1.29593,0.514
4.35894,-1.37447,0.496
4.35894,-1.45301,0.423
4.35894,-1.53155,0.0
4.35894,0.03925,0.925
4.35894,0.11779,0.92
4.35894,0.19633,0.918
4.35894,0.27487,0.918
4.35894,0.35341,0.838
4.35894,0.43195,0.731
4.35894,0.51049,0.684
4.35894,0.58903,0.658
4.35894,0.66757,0.641
4.35894,0.74611,0.624
4.35894,0.82465,0.412
4.35894,0.90319,0.0
4.35894,0.98173,0.0
4.35894,1.06027,0.0
4.35894,1.13881,0.0
4.35894,1.21735,0.0
4.35894,1.29589,0.0
4.35894,1.37443,0.0
4.35894,1.45297,0.0
4.35894,1.53151,0.0
4.43748,-0.03929,0.934
4.43748,-0.11783,0.929
4.43748,-0.19637,0.763
4.43748,-0.27491,0.694
4.43748,-0.35345,0.653
4.43748,-0.43199,0.625
4.43748,-0.51053,0.607
4.43748,-0.58907,0.592
4.43748,-0.66761,0.578
4.43748,-0.74615,0.558
4.43748,-0.82469,0.539
4.43748,-0.90323,0.544
4.43748,-0.98177,0.55
4.43748,-1.06031,0.542
4.43748,-1.13885,0.531
4.43748,-1.21739,0.526
4.43748,-1.29593,0.513
4.43748,-1.37447,0.497
4.43748,-1.45301,0.423
4.43748,-1.53155,0.0
4.43748,0.03925,0.919
4.43748,0.11779,0.924
4.43748,0.19633,0.926
4.43748,0.27487,0.915
4.43748,0.35341,0.844
4.43748,0.43195,0.732
4.43748,0.51049,0.684
4.43748,0.58903,0.657
4.43748,0.66757,0.64
4.43748,0.74611,0.62
4.43748,0.82465,0.31
4.43748,0.90319,0.0
4.43748,0.98173,0.0
4.43748,1.06027,0.0
4.43748,1.13881,0.0
4.43748,1.21735,0.0
4.43748,1.29589,0.0
4.43748,1.37443,0.0
4.43748,1.45297,0.0
4.43748,1.53151,0.0
4.51602,-0.03929,0.929
4.51602,-0.11783,0.962
4.51602,-0.19637,0.746
4.51602,-0.27491,0.691
4.51602,-0.35345,0.653
4.51602,-0.43199,0.631
4.51602,-0.51053,0.609
4.51602,-0.58907,0.587
4.51602,-0.66761,0.564
4.51602,-0.74615,0.546
4.51602,-0.82469,0.534
4.51602,-0.90323,0.551
4.51602,-0.98177,0.547
4.51602,-1.06031,0.542
4.51602,-1.13885,0.534
4.51602,-1.21739,0.52
4.51602,-1.29593,0.515
4.51602,-1.37447,0.506
4.51602,-1.45301,0.423
4.51602,-1.53155,0.0
4.51602,0.03925,0.922
4.51602,0.11779,0.918
4.51602,0.19633,0.919
4.51602,0.27487,0.915
4.51602,0.35341,0.832
4.51602,0.43195,0.731
4.51602,0.51049,0.687
4.51602,0.58903,0.659
4.51602,0.66757,0.642
4.51602,0.74611,0.541
4.51602,0.82465,0.0
4.51602,0.90319,0.0
4.51602,0.98173,0.0
4.51602,1.06027,0.0
4.51602,1.13881,0.0
4.51602,1.21735,0.0
4.51602,1.29589,0.0
4.51602,1.37443,0.0
4.51602,1.45297,0.0
4.51602,1.53151,0.0
4.59456,-0.03929,0.962
4.59456,-0.11783,0.822
4.59456,-0.19637,0.734
4.59456,-0.27491,0.684
4.59456,-0.35345,0.653
4.59456,-0.43199,0.625
4.59456,-0.51053,0.599
4.59456,-0.58907,0.569
4.59456,-0.66761,0.556
4.59456,-0.74615,0.539
4.59456,-0.82469,0.569
4.59456,-0.90323,0.56
4.59456,-0.98177,0.55
4.59456,-1.06031,0.541
4.59456,-1.13885,0.536
4.59456,-1.21739,0.526
4.59456,-1.29593,0.516
4.59456,-1.37447,0.506
4.59456,-1.45301,0.423
4.59456,-1.53155,0.0
4.59456,0.03925,0.917
4.59456,0.11779,0.924
4.59456,0.19633,0.926
4.59456,0.27487,0.913
4.59456,0.35341,0.777
4.59456,0.43195,0.724
4.59456,0.51049,0.686
4.59456,0.58903,0.657
4.59456,0.66757,0.643
4.59456,0.74611,0.54
4.59456,0.82465,0.0
4.59456,0.90319,0.0
4.59456,0.98173,0.0
4.59456,1.06027,0.0
4.59456,1.13881,0.0
4.59456,1.21735,0.0
4.59456,1.29589,0.0
4.59456,1.37443,0.0
4.59456,1.45297,0.0
4.59456,1.53151,0.0
4.6731,-0.03929,0.881
4.6731,-0.11783,0.769
4.6731,-0.19637,0.712
4.6731,-0.27491,0.676
4.6731,-0.35345,0.643
4.6731,-0.43199,0.599
4.6731,-0.51053,0.569
4.6731,-0.58907,0.556
4.6731,-0.66761,0.553
4.6731,-0.74615,0.57
4.6731,-0.82469,0.569
4.6731,-0.90323,0.554
4.6731,-0.98177,0.55
4.6731,-1.06031,0.542
4.6731,-1.13885,0.533
4.6731,-1.21739,0.523
4.6731,-1.29593,0.515
4.6731,-1.37447,0.506
4.6731,-1.45301,0.423
4.6731,-1.53155,0.0
4.6731,0.03925,0.922
4.6731,0.11779,0.924
4.6731,0.19633,0.926
4.6731,0.27487,0.832
4.6731,0.35341,0.747
4.6731,0.43195,0.715
4.6731,0.51049,0.685
4.6731,0.58903,0.659
4.6731,0.66757,0.642
4.6731,0.74611,0.349
4.6731,0.82465,0.0
4.6731,0.90319,0.0
4.6731,0.98173,0.0
4.6731,1.06027,0.0
4.6731,1.13881,0.0
4.6731,1.21735,0.0
4.6731,1.29589,0.0
4.6731,1.37443,0.0
4.6731,1.45297,0.0
4.6731,1.53151,0.0
4.75164,-0.03929,0.875
4.75164,-0.11783,0.712
4.75164,-0.19637,0.676
4.75164,-0.27491,0.647
4.75164,-0.35345,0.624
4.75164,-0.43199,0.602
4.75164,-0.51053,0.581
4.75164,-0.58907,0.591
4.75164,-0.66761,0.589
4.75164,-0.74615,0.577
4.75164,-0.82469,0.569
4.75164,-0.90323,0.56
4.75164,-0.98177,0.549
4.75164,-1.06031,0.542
4.75164,-1.13885,0.536
4.75164,-1.21739,0.522
4.75164,-1.29593,0.516
4.75164,-1.37447,0.507
4.75164,-1.45301,0.423
4.75164,-1.53155,0.0
4.75164,0.03925,0.922
4.75164,0.11779,0.918
4.75164,0.19633,0.919
4.75164,0.27487,0.832
4.75164,0.35341,0.724
4.75164,0.43195,0.701
4.75164,0.51049,0.677
4.75164,0.58903,0.659
4.75164,0.66757,0.639
4.75164,0.74611,0.347
4.75164,0.82465,0.0
4.75164,0.90319,0.0
4.75164,0.98173,0.0
4.75164,1.06027,0.0
4.75164,1.13881,0.0
4.75164,1.21735,0.0
4.75164,1.29589,0.0
4.75164,1.37443,0.0
4.75164,1.45297,0.0
4.75164,1.53151,0.0
4.83018,-0.03929,0.898
4.83018,-0.11783,0.73
4.83018,-0.19637,0.689
4.83018,-0.27491,0.655
4.83018,-0.35345,0.628
4.83018,-0.43199,0.609
4.83018,-0.51053,0.609
4.83018,-0.58907,0.592
4.83018,-0.66761,0.585
4.83018,-0.74615,0.573
4.83018,-0.82469,0.569
4.83018,-0.90323,0.56
4.83018,-0.98177,0.55
4.83018,-1.06031,0.541
4.83018,-1.13885,0.536
4.83018,-1.21739,0.523
4.83018,-1.29593,0.516
4.83018,-1.37447,0.507
4.83018,-1.45301,0.423
4.83018,-1.53155,0.0
4.83018,0.03925,0.917
4.83018,0.11779,0.938
4.83018,0.19633,0.926
4.83018,0.27487,0.831
4.83018,0.35341,0.711
4.83018,0.43195,0.692
4.83018,0.51049,0.67
4.83018,0.58903,0.651
4.83018,0.66757,0.519
4.83018,0.74611,0.0
4.83018,0.82465,0.0
4.83018,0.90319,0.0
4.83018,0.98173,0.0
4.83018,1.06027,0.0
4.83018,1.13881,0.0
4.83018,1.21735,0.0
4.83018,1.29589,0.0
4.83018,1.37443,0.0
4.83018,1.45297,0.0
4.83018,1.53151,0.0
4.90872,-0.03929,0.913
4.90872,-0.11783,0.777
4.90872,-0.19637,0.703
4.90872,-0.27491,0.664
4.90872,-0.35345,0.634
4.90872,-0.43199,0.615
4.90872,-0.51053,0.593
4.90872,-0.58907,0.591
4.90872,-0.66761,0.589
4.90872,-0.74615,0.577
4.90872,-0.82469,0.569
4.90872,-0.90323,0.559
4.90872,-0.98177,0.549
4.90872,-1.06031,0.542
4.90872,-1.13885,0.534
4.90872,-1.21739,0.523
4.90872,-1.29593,0.515
4.90872,-1.37447,0.507
4.90872,-1.45301,0.423
4.90872,-1.53155,0.0
4.90872,0.03925,0.922
4.90872,0.11779,0.92
4.90872,0.19633,0.919
4.90872,0.27487,0.832
4.90872,0.35341,0.713
4.90872,0.43195,0.676
4.90872,0.51049,0.66
4.90872,0.58903,0.644
4.90872,0.66757,0.528
4.90872,0.74611,0.0
4.90872,0.82465,0.0
4.90872,0.90319,0.0
4.90872,0.98173,0.0
4.90872,1.06027,0.0
4.90872,1.13881,0.0
4.90872,1.21735,0.0
4.90872,1.29589,0.0
4.90872,1.37443,0.0
4.90872,1.45297,0.0
4.90872,1.53151,0.0
4.98726,-0.03929,0.915
4.98726,-0.11783,0.845
4.98726,-0.19637,0.721
4.98726,-0.27491,0.669
4.98726,-0.35345,0.638
4.98726,-0.43199,0.617
4.98726,-0.51053,0.609
4.98726,-0.58907,0.599
4.98726,-0.66761,0.591
4.98726,-0.74615,0.582
4.98726,-0.82469,0.573
4.98726,-0.90323,0.564
4.98726,-0.98177,0.558
4.98726,-1.06031,0.547
4.98726,-1.13885,0.536
4.98726,-1.21739,0.522
4.98726,-1.29593,0.516
4.98726,-1.37447,0.507
4.98726,-1.45301,0.415
4.98726,-1.53155,0.0
4.98726,0.03925,0.917
4.98726,0.11779,0.938
4.98726,0.19633,0.925
4.98726,0.27487,0.831
4.98726,0.35341,0.716
4.98726,0.43195,0.673
4.98726,0.51049,0.646
4.98726,0.58903,0.63
4.98726,0.66757,0.532
4.98726,0.74611,0.411
4.98726,0.82465,0.414
4.98726,0.90319,0.003
4.98726,0.98173,0.271
4.98726,1.06027,0.0
4.98726,1.13881,0.0
4.98726,1.21735,0.0
4.98726,1.29589,0.0
4.98726,1.37443,0.0
4.98726,1.45297,0.0
4.98726,1.53151,0.0
5.0658,-0.03929,0.914
5.0658,-0.11783,0.913
5.0658,-0.19637,0.729
5.0658,-0.27491,0.673
5.0658,-0.35345,0.652
5.0658,-0.43199,0.638
5.0658,-0.51053,0.627
5.0658,-0.58907,0.616
5.0658,-0.66761,0.603
5.0658,-0.74615,0.593
5.0658,-0.82469,0.584
5.0658,-0.90323,0.575
5.0658,-0.98177,0.564
5.0658,-1.06031,0.558
5.0658,-1.13885,0.534
5.0658,-1.21739,0.523
5.0658,-1.29593,0.511
5.0658,-1.37447,0.507
5.0658,-1.45301,0.414
5.0658,-1.53155,0.171
5.0658,0.03925,0.917
5.0658,0.11779,0.92
5.0658,0.19633,0.917
5.0658,0.27487,0.832
5.0658,0.35341,0.721
5.0658,0.43195,0.674
5.0658,0.51049,0.645
5.0658,0.58903,0.63
5.0658,0.66757,0.585
5.0658,0.74611,0.493
5.0658,0.82465,0.497
5.0658,0.90319,0.504
5.0658,0.98173,0.506
5.0658,1.06027,0.288
5.0658,1.13881,0.115
5.0658,1.21735,0.0
5.0658,1.29589,0.0
5.0658,1.37443,0.0
5.0658,1.45297,0.0
5.0658,1.53151,0.0
5.14434,-0.03929,0.915
5.14434,-0.11783,0.898
5.14434,-0.19637,0.73
5.14434,-0.27491,0.689
5.14434,-0.35345,0.662
5.14434,-0.43199,0.667
5.14434,-0.51053,0.646
5.14434,-0.58907,0.63
5.14434,-0.66761,0.616
5.14434,-0.74615,0.603
5.14434,-0.82469,0.593
5.14434,-0.90323,0.584
5.14434,-0.98177,0.575
5.14434,-1.06031,0.564
5.14434,-1.13885,0.547
5.14434,-1.21739,0.522
5.14434,-1.29593,0.511
5.14434,-1.37447,0.507
5.14434,-1.45301,0.461
5.14434,-1.53155,0.249
5.14434,0.03925,0.938
5.14434,0.11779,0.917
5.14434,0.19633,0.925
5.14434,0.27487,0.829
5.14434,0.35341,0.716
5.14434,0.43195,0.677
5.14434,0.51049,0.648
5.14434,0.58903,0.632
5.14434,0.66757,0.604
5.14434,0.74611,0.581
5.14434,0.82465,0.504
5.14434,0.90319,0.509
5.14434,0.98173,0.511
5.14434,1.06027,0.439
5.14434,1.13881,0.43
5.14434,1.21735,0.248
5.14434,1.29589,0.0
5.14434,1.37443,0.0
5.14434,1.45297,0.0
5.14434,1.53151,0.0
5.22288,-0.03929,0.917
5.22288,-0.11783,0.913
5.22288,-0.19637,0.777
5.22288,-0.27491,0.708
5.22288,-0.35345,0.674
5.22288,-0.43199,0.697
5.22288,-0.51053,0.668
5.22288,-0.58907,0.646
5.22288,-0.66761,0.63
5.22288,-0.74615,0.616
5.22288,-0.82469,0.602
5.22288,-0.90323,0.592
5.22288,-0.98177,0.581
5.22288,-1.06031,0.573
5.22288,-1.13885,0.556
5.22288,-1.21739,0.521
5.22288,-1.29593,0.511
5.22288,-1.37447,0.507
5.22288,-1.45301,0.461
5.22288,-1.53155,0.25
5.22288,0.03925,0.938
5.22288,0.11779,0.914
5.22288,0.19633,0.917
5.22288,0.27487,0.832
5.22288,0.35341,0.721
5.22288,0.43195,0.674
5.22288,0.51049,0.649
5.22288,0.58903,0.63
5.22288,0.66757,0.607
5.22288,0.74611,0.592
5.22288,0.82465,0.51
5.22288,0.90319,0.514
5.22288,0.98173,0.517
5.22288,1.06027,0.51
5.22288,1.13881,0.505
5.22288,1.21735,0.428
5.22288,1.29589,0.0
5.22288,1.37443,0.0
5.22288,1.45297,0.0
5.22288,1.53151,0.0
5.30142,-0.03929,0.936
5.30142,-0.11783,0.936
5.30142,-0.19637,0.943
5.30142,-0.27491,0.746
5.30142,-0.35345,0.737
5.30142,-0.43199,0.733
5.30142,-0.51053,0.697
5.30142,-0.58907,0.668
5.30142,-0.66761,0.646
5.30142,-0.74615,0.626
5.30142,-0.82469,0.61
5.30142,-0.90323,0.596
5.30142,-0.98177,0.586
5.30142,-1.06031,0.578
5.30142,-1.13885,0.56
5.30142,-1.21739,0.524
5.30142,-1.29593,0.511
5.30142,-1.37447,0.5
5.30142,-1.45301,0.461
5.30142,-1.53155,0.25
5.30142,0.03925,0.945
5.30142,0.11779,0.925
5.30142,0.19633,0.915
5.30142,0.27487,0.829
5.30142,0.35341,0.716
5.30142,0.43195,0.677
5.30142,0.51049,0.649
5.30142,0.58903,0.632
5.30142,0.66757,0.607
5.30142,0.74611,0.597
5.30142,0.82465,0.519
5.30142,0.90319,0.522
5.30142,0.98173,0.519
5.30142,1.06027,0.515
5.30142,1.13881,0.509
5.30142,1.21735,0.503
5.30142,1.29589,0.299
5.30142,1.37443,0.0
5.30142,1.45297,0.0
5.30142,1.53151,0.0
5.37996,-0.03929,0.945
5.37996,-0.11783,0.936
5.37996,-0.19637,0.936
5.37996,-0.27491,0.943
5.37996,-0.35345,0.947
5.37996,-0.43199,0.745
5.37996,-0.51053,0.733
5.37996,-0.58907,0.691
5.37996,-0.66761,0.658
5.37996,-0.74615,0.637
5.37996,-0.82469,0.617
5.37996,-0.90323,0.602
5.37996,-0.98177,0.589
5.37996,-1.06031,0.575
5.37996,-1.13885,0.564
5.37996,-1.21739,0.541
5.37996,-1.29593,0.511
5.37996,-1.37447,0.5
5.37996,-1.45301,0.461
5.37996,-1.53155,0.25
5.37996,0.03925,0.922
5.37996,0.11779,0.93
5.37996,0.19633,0.914
5.37996,0.27487,0.799
5.37996,0.35341,0.716
5.37996,0.43195,0.674
5.37996,0.51049,0.649
5.37996,0.58903,0.632
5.37996,0.66757,0.608
5.37996,0.74611,0.596
5.37996,0.82465,0.59
5.37996,0.90319,0.528
5.37996,0.98173,0.523
5.37996,1.06027,0.518
5.37996,1.13881,0.514
5.37996,1.21735,0.507
5.37996,1.29589,0.505
5.37996,1.37443,0.275
5.37996,1.45297,0.0
5.37996,1.53151,0.0
5.4585,-0.03929,0.922
5.4585,-0.11783,0.921
5.4585,-0.19637,0.921
5.4585,-0.27491,0.922
5.4585,-0.35345,0.927
5.4585,-0.43199,0.947
5.4585,-0.51053,0.749
5.4585,-0.58907,0.72
5.4585,-0.66761,0.676
5.4585,-0.74615,0.644
5.4585,-0.82469,0.623
5.4585,-0.90323,0.605
5.4585,-0.98177,0.591
5.4585,-1.06031,0.578
5.4585,-1.13885,0.564
5.4585,-1.21739,0.547
5.4585,-1.29593,0.509
5.4585,-1.37447,0.5
5.4585,-1.45301,0.46
5.4585,-1.53155,0.25
5.4585,0.03925,0.93
5.4585,0.11779,0.919
5.4585,0.19633,0.923
5.4585,0.27487,0.9
5.4585,0.35341,0.709
5.4585,0.43195,0.684
5.4585,0.51049,0.655
5.4585,0.58903,0.629
5.4585,0.66757,0.607
5.4585,0.74611,0.601
5.4585,0.82465,0.59
5.4585,0.90319,0.535
5.4585,0.98173,0.527
5.4585,1.06027,0.521
5.4585,1.13881,0.515
5.4585,1.21735,0.51
5.4585,1.29589,0.506
5.4585,1.37443,0.275
5.4585,1.45297,0.0
5.4585,1.53151,0.0
5.53704,-0.03929,0.945
5.53704,-0.11783,0.936
5.53704,-0.19637,0.936
5.53704,-0.27491,0.943
5.53704,-0.35345,0.918
5.53704,-0.43199,0.923
5.53704,-0.51053,0.944
5.53704,-0.58907,0.749
5.53704,-0.66761,0.69
5.53704,-0.74615,0.652
5.53704,-0.82469,0.626
5.53704,-0.90323,0.607
5.53704,-0.98177,0.592
5.53704,-1.06031,0.581
5.53704,-1.13885,0.573
5.53704,-1.21739,0.556
5.53704,-1.29593,0.509
5.53704,-1.37447,0.5
5.53704,-1.45301,0.461
5.53704,-1.53155,0.25
5.53704,0.03925,0.919
5.53704,0.11779,0.923
5.53704,0.19633,0.918
5.53704,0.27487,0.809
5.53704,0.35341,0.796
5.53704,0.43195,0.693
5.53704,0.51049,0.654
5.53704,0.58903,0.632
5.53704,0.66757,0.612
5.53704,0.74611,0.6
5.53704,0.82465,0.589
5.53704,0.90319,0.536
5.53704,0.98173,0.528
5.53704,1.06027,0.524
5.53704,1.13881,0.519
5.53704,1.21735,0.514
5.53704,1.29589,0.509
5.53704,1.37443,0.435
5.53704,1.45297,0.0
5.53704,1.53151,0.0
5.61558,-0.03929,0.922
5.61558,-0.11783,0.921
5.61558,-0.19637,0.921
5.61558,-0.27491,0.922
5.61558,-0.35345,0.927
5.61558,-0.43199,0.947
5.61558,-0.51053,0.91
5.61558,-0.58907,0.774
5.61558,-0.66761,0.702
5.61558,-0.74615,0.658
5.61558,-0.82469,0.63
5.61558,-0.90323,0.61
5.61558,-0.98177,0.596
5.61558,-1.06031,0.586
5.61558,-1.13885,0.578
5.61558,-1.21739,0.56
5.61558,-1.29593,0.524
5.61558,-1.37447,0.5
5.61558,-1.45301,0.461
5.61558,-1.53155,0.25
5.61558,0.03925,0.93
5.61558,0.11779,0.918
5.61558,0.19633,0.915
5.61558,0.27487,0.919
5.61558,0.35341,0.809
5.61558,0.43195,0.697
5.61558,0.51049,0.654
5.61558,0.58903,0.63
5.61558,0.66757,0.611
5.61558,0.74611,0.6
5.61558,0.82465,0.59
5.61558,0.90319,0.554
5.61558,0.98173,0.533
5.61558,1.06027,0.527
5.61558,1.13881,0.524
5.61558,1.21735,0.516
5.61558,1.29589,0.511
5.61558,1.37443,0.437
5.61558,1.45297,0.0
5.61558,1.53151,0.0
5.69412,-0.03929,0.917
5.69412,-0.11783,0.945
5.69412,-0.19637,0.936
5.69412,-0.27491,0.936
5.69412,-0.35345,0.943
5.69412,-0.43199,0.923
5.69412,-0.51053,0.944
5.69412,-0.58907,0.818
5.69412,-0.66761,0.707
5.69412,-0.74615,0.662
5.69412,-0.82469,0.637
5.69412,-0.90323,0.617
5.69412,-0.98177,0.602
5.69412,-1.06031,0.589
5.69412,-1.13885,0.575
5.69412,-1.21739,0.564
5.69412,-1.29593,0.541
5.69412,-1.37447,0.47
5.69412,-1.45301,0.461
5.69412,-1.53155,0.25
5.69412,0.03925,0.919
5.69412,0.11779,0.923
5.69412,0.19633,0.919
5.69412,0.27487,0.916
5.69412,0.35341,0.812
5.69412,0.43195,0.691
5.69412,0.51049,0.65
5.69412,0.58903,0.627
5.69412,0.66757,0.61
5.69412,0.74611,0.599
5.69412,0.82465,0.591
5.69412,0.90319,0.556
5.69412,0.98173,0.535
5.69412,1.06027,0.53
5.69412,1.13881,0.526
5.69412,1.21735,0.52
5.69412,1.29589,0.515
5.69412,1.37443,0.435
5.69412,1.45297,0.0
5.69412,1.53151,0.0
5.77266,-0.03929,0.93
5.77266,-0.11783,0.922
5.77266,-0.19637,0.954
5.77266,-0.27491,0.939
5.77266,-0.35345,0.922
5.77266,-0.43199,0.927
5.77266,-0.51053,0.947
5.77266,-0.58907,0.808
5.77266,-0.66761,0.72
5.77266,-0.74615,0.676
5.77266,-0.82469,0.644
5.77266,-0.90323,0.623
5.77266,-0.98177,0.605
5.77266,-1.06031,0.591
5.77266,-1.13885,0.578
5.77266,-1.21739,0.56
5.77266,-1.29593,0.543
5.77266,-1.37447,0.472
5.77266,-1.45301,0.459
5.77266,-1.53155,0.233
5.77266,0.03925,0.916
5.77266,0.11779,0.918
5.77266,0.19633,0.916
5.77266,0.27487,0.914
5.77266,0.35341,0.79
5.77266,0.43195,0.687
5.77266,0.51049,0.649
5.77266,0.58903,0.627
5.77266,0.66757,0.611
5.77266,0.74611,0.596
5.77266,0.82465,0.59
5.77266,0.90319,0.558
5.77266,0.98173,0.535
5.77266,1.06027,0.53
5.77266,1.13881,0.526
5.77266,1.21735,0.52
5.77266,1.29589,0.515
5.77266,1.37443,0.437
5.77266,1.45297,0.0
5.77266,1.53151,0.0
5.8512,-0.03929,0.968
5.8512,-0.11783,0.941
5.8512,-0.19637,0.932
5.8512,-0.27491,0.927
5.8512,-0.35345,0.925
5.8512,-0.43199,0.938
5.8512,-0.51053,0.923
5.8512,-0.58907,0.944
5.8512,-0.66761,0.749
5.8512,-0.74615,0.69
5.8512,-0.82469,0.652
5.8512,-0.90323,0.626
5.8512,-0.98177,0.607
5.8512,-1.06031,0.592
5.8512,-1.13885,0.579
5.8512,-1.21739,0.561
5.8512,-1.29593,0.543
5.8512,-1.37447,0.472
5.8512,-1.45301,0.312
5.8512,-1.53155,0.004
5.8512,0.03925,0.923
5.8512,0.11779,0.915
5.8512,0.19633,0.919
5.8512,0.27487,0.905
5.8512,0.35341,0.745
5.8512,0.43195,0.683
5.8512,0.51049,0.646
5.8512,0.58903,0.624
5.8512,0.66757,0.613
5.8512,0.74611,0.597
5.8512,0.82465,0.589
5.8512,0.90319,0.56
5.8512,0.98173,0.539
5.8512,1.06027,0.534
5.8512,1.13881,0.526
5.8512,1.21735,0.524
5.8512,1.29589,0.517
5.8512,1.37443,0.504
5.8512,1.45297,0.237
5.8512,1.53151,0.0
5.92974,-0.03929,0.941
5.92974,-0.11783,0.93
5.92974,-0.19637,0.954
5.92974,-0.27491,0.939
5.92974,-0.35345,0.921
5.92974,-0.43199,0.921
5.92974,-0.51053,0.917
5.92974,-0.58907,0.91
5.92974,-0.66761,0.774
5.92974,-0.74615,0.702
5.92974,-0.82469,0.658
5.92974,-0.90323,0.63
5.92974,-0.98177,0.609
5.92974,-1.06031,0.593
5.92974,-1.13885,0.574
5.92974,-1.21739,0.557
5.92974,-1.29593,0.541
5.92974,-1.37447,0.472
5.92974,-1.45301,0.31
5.92974,-1.53155,0.0
5.92974,0.03925,0.918
5.92974,0.11779,0.914
5.92974,0.19633,0.916
5.92974,0.27487,0.812
5.92974,0.35341,0.719
5.92974,0.43195,0.678
5.92974,0.51049,0.643
5.92974,0.58903,0.625
5.92974,0.66757,0.611
5.92974,0.74611,0.599
5.92974,0.82465,0.587
5.92974,0.90319,0.56
5.92974,0.98173,0.54
5.92974,1.06027,0.535
5.92974,1.13881,0.531
5.92974,1.21735,0.527
5.92974,1.29589,0.522
5.92974,1.37443,0.514
5.92974,1.45297,0.338
5.92974,1.53151,0.0
6.00828,-0.03929,0.968
6.00828,-0.11783,0.941
6.00828,-0.19637,0.932
6.00828,-0.27491,0.927
6.00828,-0.35345,0.925
6.00828,-0.43199,0.938
6.00828,-0.51053,0.915
6.00828,-0.58907,0.921
6.00828,-0.66761,0.818
6.00828,-0.74615,0.707
6.00828,-0.82469,0.662
6.00828,-0.90323,0.631
6.00828,-0.98177,0.608
6.00828,-1.06031,0.594
6.00828,-1.13885,0.574
6.00828,-1.21739,0.555
6.00828,-1.29593,0.539
6.00828,-1.37447,0.472
6.00828,-1.45301,0.306
6.00828,-1.53155,0.0
6.00828,0.03925,0.944
6.00828,0.11779,0.919
6.00828,0.19633,0.914
6.00828,0.27487,0.79
6.00828,0.35341,0.697
6.00828,0.43195,0.664
6.00828,0.51049,0.64
6.00828,0.58903,0.618
6.00828,0.66757,0.606
6.00828,0.74611,0.599
6.00828,0.82465,0.568
6.00828,0.90319,0.56
6.00828,0.98173,0.543
6.00828,1.06027,0.538
6.00828,1.13881,0.534
6.00828,1.21735,0.528
6.00828,1.29589,0.524
6.00828,1.37443,0.519
6.00828,1.45297,0.344
6.00828,1.53151,0.0
6.08682,-0.03929,0.941
6.08682,-0.11783,0.93
6.08682,-0.19637,0.925
6.08682,-0.27491,0.922
6.08682,-0.35345,0.921
6.08682,-0.43199,0.921
6.08682,-0.51053,0.922
6.08682,-0.58907,0.917
6.08682,-0.66761,0.808
6.08682,-0.74615,0.707
6.08682,-0.82469,0.662
6.08682,-0.90323,0.632
6.08682,-0.98177,0.61
6.08682,-1.06031,0.589
6.08682,-1.13885,0.571
6.08682,-1.21739,0.551
6.08682,-1.29593,0.536
6.08682,-1.37447,0.466
6.08682,-1.45301,0.306
6.08682,-1.53155,0.0
6.08682,0.03925,0.935
6.08682,0.11779,0.916
6.08682,0.19633,0.905
6.08682,0.27487,0.745
6.08682,0.35341,0.687
6.08682,0.43195,0.655
6.08682,0.51049,0.634
6.08682,0.58903,0.616
6.08682,0.66757,0.605
6.08682,0.74611,0.596
6.08682,0.82465,0.571
6.08682,0.90319,0.56
6.08682,0.98173,0.547
6.08682,1.06027,0.541
6.08682,1.13881,0.536
6.08682,1.21735,0.532
6.08682,1.29589,0.526
6.08682,1.37443,0.521
6.08682,1.45297,0.345
6.08682,1.53151,0.0
6.16536,-0.03929,0.93
6.16536,-0.11783,0.924
6.16536,-0.19637,0.921
6.16536,-0.27491,0.919
6.16536,-0.35345,0.918
6.16536,-0.43199,0.917
6.16536,-0.51053,0.913
6.16536,-0.58907,0.89
6.16536,-0.66761,0.779
6.16536,-0.74615,0.7
6.16536,-0.82469,0.656
6.16536,-0.90323,0.629
6.16536,-0.98177,0.604
6.16536,-1.06031,0.582
6.16536,-1.13885,0.563
6.16536,-1.21739,0.549
6.16536,-1.29593,0.536
6.16536,-1.37447,0.4
6.16536,-1.45301,0.091
6.16536,-1.53155,0.0
6.16536,0.03925,0.944
6.16536,0.11779,0.95
6.16536,0.19633,0.801
6.16536,0.27487,0.734
6.16536,0.35341,0.682
6.16536,0.43195,0.644
6.16536,0.51049,0.627
6.16536,0.58903,0.614
6.16536,0.66757,0.601
6.16536,0.74611,0.587
6.16536,0.82465,0.568
6.16536,0.90319,0.56
6.16536,0.98173,0.547
6.16536,1.06027,0.541
6.16536,1.13881,0.536
6.16536,1.21735,0.531
6.16536,1.29589,0.527
6.16536,1.37443,0.522
6.16536,1.45297,0.346
6.16536,1.53151,0.0
6.2439,-0.03929,0.924
6.2439,-0.11783,0.977
6.2439,-0.19637,0.935
6.2439,-0.27491,0.918
6.2439,-0.35345,0.917
6.2439,-0.43199,0.916
6.2439,-0.51053,0.922
6.2439,-0.58907,0.88
6.2439,-0.66761,0.749
6.2439,-0.74615,0.684
6.2439,-0.82469,0.649
6.2439,-0.90323,0.618
6.2439,-0.98177,0.6
6.2439,-1.06031,0.579
6.2439,-1.13885,0.562
6.2439,-1.21739,0.547
6.2439,-1.29593,0.53
6.2439,-1.37447,0.4
6.2439,-1.45301,0.007
6.2439,-1.53155,0.0
6.2439,0.03925,0.935
6.2439,0.11779,0.95
6.2439,0.19633,0.813
6.2439,0.27487,0.736
6.2439,0.35341,0.67
6.2439,0.43195,0.64
6.2439,0.51049,0.618
6.2439,0.58903,0.606
6.2439,0.66757,0.599
6.2439,0.74611,0.577
6.2439,0.82465,0.568
6.2439,0.90319,0.56
6.2439,0.98173,0.547
6.2439,1.06027,0.541
6.2439,1.13881,0.536
6.2439,1.21735,0.532
6.2439,1.29589,0.526
6.2439,1.37443,0.522
6.2439,1.45297,0.348
6.2439,1.53151,0.0
6.32244,-0.03929,0.922
6.32244,-0.11783,0.933
6.32244,-0.19637,0.924
6.32244,-0.27491,0.916
6.32244,-0.35345,0.916
6.32244,-0.43199,0.915
6.32244,-0.51053,0.897
6.32244,-0.58907,0.793
6.32244,-0.66761,0.713
6.32244,-0.74615,0.667
6.32244,-0.82469,0.633
6.32244,-0.90323,0.609
6.32244,-0.98177,0.587
6.32244,-1.06031,0.571
6.32244,-1.13885,0.556
6.32244,-1.21739,0.542
6.32244,-1.29593,0.528
6.32244,-1.37447,0.4
6.32244,-1.45301,0.0
6.32244,-1.53155,0.0
6.32244,0.03925,0.929
6.32244,0.11779,0.95
6.32244,0.19633,0.719
6.32244,0.27487,0.728
6.32244,0.35341,0.658
6.32244,0.43195,0.634
6.32244,0.51049,0.616
6.32244,0.58903,0.605
6.32244,0.66757,0.597
6.32244,0.74611,0.575
6.32244,0.82465,0.568
6.32244,0.90319,0.56
6.32244,0.98173,0.547
6.32244,1.06027,0.541
6.32244,1.13881,0.536
6.32244,1.21735,0.531
6.32244,1.29589,0.527
6.32244,1.37443,0.522
6.32244,1.45297,0.346
6.32244,1.53151,0.0
