6230.571512, -0.00220, 0.00360
6230.571709,  0.00390, 0.00360
6230.571906, -0.00300, 0.00360
6230.572091, -0.00730, 0.00360
6230.572288, -0.00490, 0.00360
6230.572485, -0.00080, 0.00360
6230.572681, -0.00220, 0.00360
6230.572890, -0.00440, 0.00360
6230.573086, -0.00160, 0.00360
6230.573295,  0.00200, 0.00360
6230.574047, -0.00270, 0.00360
6230.574244,  0.00010, 0.00360
6230.574452,  0.00470, 0.00360
6230.574649, -0.00030, 0.00360
6230.574846,  0.00370, 0.00360
6230.575054, -0.00920, 0.00360
6230.575251, -0.00670, 0.00360
6230.575471,  0.00120, 0.00360
6230.575679,  0.00600, 0.00360
6230.575864,  0.00420, 0.00360
6230.576351,  0.00150, 0.00360
6230.576941, -0.00050, 0.00360
6230.577589, -0.00310, 0.00360
6230.578527, -0.00490, 0.00360
6230.579129, -0.00350, 0.00360
6230.579569,  0.00410, 0.00360
6230.579974, -0.00160, 0.00360
6230.580182,  0.00230, 0.00360
6230.580379, -0.00460, 0.00360
6230.580576, -0.00330, 0.00360
6230.580761, -0.00030, 0.00360
6230.580946, -0.00050, 0.00360
6230.581166, -0.00160, 0.00360
6230.581351,  0.00250, 0.00360
6230.581571,  0.00910, 0.00360
6230.581768, -0.00430, 0.00360
6230.581976, -0.00700, 0.00360
6230.582161, -0.00110, 0.00360
6230.582381,  0.00070, 0.00360
6230.582578, -0.00600, 0.00360
6230.582763, -0.00970, 0.00360
6230.582949,  0.00550, 0.00360
6230.583145, -0.00310, 0.00360
6230.583342, -0.00130, 0.00360
6230.583539, -0.00330, 0.00360
6230.583724, -0.00250, 0.00360
6230.584187, -0.00060, 0.00360
6230.584384,  0.00370, 0.00360
6230.584569, -0.00080, 0.00360
6230.584766, -0.00430, 0.00360
6230.584963, -0.00060, 0.00360
6230.585159, -0.00680, 0.00360
6230.585356,  0.00120, 0.00360
6230.585564, -0.00190, 0.00360
6230.585750, -0.00130, 0.00360
6230.585946,  0.00050, 0.00360
6230.586143, -0.00370, 0.00360
6230.586340,  0.00110, 0.00360
6230.586525, -0.00040, 0.00360
6230.586722,  0.00020, 0.00360
6230.586919,  0.00420, 0.00360
6230.587127, -0.00670, 0.00360
6230.587312, -0.00410, 0.00360
6230.587509,  0.00230, 0.00360
6230.587706,  0.00520, 0.00360
6230.587903,  0.00230, 0.00360
6230.588354,  0.00510, 0.00360
6230.588562, -0.00060, 0.00360
6230.588759, -0.00220, 0.00360
6230.588956, -0.00410, 0.00360
6230.589153,  0.00280, 0.00360
6230.589338,  0.00140, 0.00360
6230.589558, -0.00330, 0.00360
6230.589755,  0.00270, 0.00360
6230.589963, -0.00120, 0.00360
6230.590160,  0.00240, 0.00360
6230.590368, -0.00060, 0.00360
6230.590565,  0.00790, 0.00360
6230.590762,  0.00730, 0.00360
6230.590970,  0.00590, 0.00360
6230.591178,  0.00660, 0.00360
6230.591375,  0.00340, 0.00360
6230.591572,  0.00210, 0.00360
6230.591769, -0.00250, 0.00360
6230.591965,  0.00390, 0.00360
6230.592162, -0.00030, 0.00360
6230.592764, -0.00290, 0.00360
6230.592961, -0.00100, 0.00360
6230.593158,  0.00530, 0.00360
6230.593354,  0.00170, 0.00360
6230.593551,  0.00030, 0.00360
6230.593748,  0.00200, 0.00360
6230.593945, -0.00200, 0.00360
6230.594142, -0.00320, 0.00360
6230.594338, -0.00460, 0.00360
6230.594547, -0.00390, 0.00360
6230.594767, -0.00040, 0.00360
6230.594952,  0.00500, 0.00360
6230.595149,  0.00240, 0.00360
6230.595345,  0.00160, 0.00360
6230.595554,  0.00700, 0.00360
6230.595750,  0.00020, 0.00360
6230.595947,  0.00560, 0.00360
6230.596156,  0.00500, 0.00360
6230.596376,  0.00520, 0.00360
6230.596572,  0.00230, 0.00360
6230.596792,  0.00040, 0.00360
6230.596978,  0.00010, 0.00360
6230.597163,  0.00330, 0.00360
6230.597359, -0.00100, 0.00360
6230.597568, -0.00410, 0.00360
6230.597776,  0.00120, 0.00360
6230.597973, -0.00400, 0.00360
6230.598181,  0.00180, 0.00360
6230.598378, -0.00530, 0.00360
6230.598563,  0.00490, 0.00360
6230.599061, -0.00430, 0.00360
6230.599663,  0.00100, 0.00360
6230.599860, -0.00220, 0.00360
6230.600045,  0.00210, 0.00360
6230.600265,  0.00270, 0.00360
6230.600462,  0.00620, 0.00360
6230.600670, -0.00110, 0.00360
6230.600867, -0.00250, 0.00360
6230.601075,  0.00490, 0.00360
6230.601272, -0.00040, 0.00360
6230.601492, -0.00170, 0.00360
6230.601712,  0.00630, 0.00360
6230.601908,  0.00720, 0.00360
6230.602117, -0.00150, 0.00360
6230.602314, -0.00270, 0.00360
6230.602522,  0.00180, 0.00360
6230.602719, -0.00050, 0.00360
6230.602916, -0.00530, 0.00360
6230.603124,  0.00140, 0.00360
6230.603332,  0.00000, 0.00360
6230.603541,  0.00870, 0.00360
6230.603749,  0.00160, 0.00360
6230.603946, -0.00250, 0.00360
6230.604143,  0.00050, 0.00360
6230.604351,  0.00530, 0.00360
6230.604548,  0.01090, 0.00360
6230.604733,  0.00170, 0.00360
6230.604953, -0.00310, 0.00360
6230.605150,  0.00380, 0.00360
6230.605358,  0.00370, 0.00360
6230.605555, -0.00050, 0.00360
6230.606411,  0.00540, 0.00360
6230.606897,  0.00290, 0.00360
6230.607094, -0.00280, 0.00360
6230.607291,  0.00490, 0.00360
6230.607499,  0.00790, 0.00360
6230.607708, -0.00430, 0.00360
6230.607904,  0.00160, 0.00360
6230.608113,  0.00190, 0.00360
6230.608310, -0.00080, 0.00360
6230.608506, -0.00530, 0.00360
6230.608703,  0.00750, 0.00360
6230.608911, -0.00370, 0.00360
6230.609097,  0.00340, 0.00360
6230.609282,  0.00450, 0.00360
6230.609479,  0.00050, 0.00360
6230.609699, -0.00270, 0.00360
6230.609895,  0.00370, 0.00360
6230.610080, -0.00020, 0.00360
6230.610277, -0.00020, 0.00360
6230.610486,  0.00010, 0.00360
6230.610682,  0.00280, 0.00360
6230.610868, -0.00540, 0.00360
6230.611088,  0.00130, 0.00360
6230.611284, -0.00020, 0.00360
6230.611493,  0.00600, 0.00360
6230.611689,  0.00260, 0.00360
6230.611898, -0.00080, 0.00360
6230.612095, -0.00050, 0.00360
6230.612280,  0.00100, 0.00360
6230.612465,  0.00230, 0.00360
6230.612673,  0.00380, 0.00360
6230.613460,  0.00060, 0.00360
6230.614387,  0.00610, 0.00360
6230.614583, -0.00060, 0.00360
6230.614792,  0.00680, 0.00360
6230.614988, -0.00390, 0.00360
6230.615197,  0.00360, 0.00360
6230.615394,  0.00220, 0.00360
6230.615590,  0.00080, 0.00360
6230.615787, -0.00140, 0.00360
6230.615984,  0.00480, 0.00360
6230.616169,  0.00130, 0.00360
6230.616366,  0.00060, 0.00360
6230.616563,  0.00110, 0.00360
6230.616759,  0.00190, 0.00360
6230.616956, -0.00140, 0.00360
6230.617165, -0.00080, 0.00360
6230.617361,  0.00110, 0.00360
6230.617570, -0.00220, 0.00360
6230.617778,  0.00480, 0.00360
6230.617975, -0.00040, 0.00360
6230.618172,  0.00250, 0.00360
6230.618368, -0.00120, 0.00360
6230.618577,  0.00730, 0.00360
6230.618762,  0.00150, 0.00360
6230.618959,  0.00160, 0.00360
6230.619155,  0.00230, 0.00360
6230.619364,  0.00220, 0.00360
6230.619549,  0.00490, 0.00360
6230.619757, -0.00110, 0.00360
6230.619966,  0.00130, 0.00360
6230.620151,  0.00060, 0.00360
6230.620533,  0.00170, 0.00360
6230.620730,  0.00440, 0.00360
6230.620938,  0.00120, 0.00360
6230.621158,  0.00270, 0.00360
6230.621343,  0.00110, 0.00360
6230.621552, -0.00020, 0.00360
6230.621760, -0.00400, 0.00360
6230.621968, -0.00340, 0.00360
6230.622165,  0.00750, 0.00360
6230.622373,  0.00510, 0.00360
6230.622570,  0.00340, 0.00360
6230.622755, -0.00510, 0.00360
6230.622964,  0.00760, 0.00360
6230.623184,  0.00160, 0.00360
6230.623403,  0.00530, 0.00360
6230.623647,  0.00260, 0.00360
6230.623843,  0.00310, 0.00360
6230.624063,  0.00100, 0.00360
6230.624260,  0.00200, 0.00360
6230.624468,  0.00820, 0.00360
6230.624688,  0.00240, 0.00360
6230.624874,  0.00100, 0.00360
6230.625082,  0.00040, 0.00360
6230.625290, -0.00480, 0.00360
6230.625499,  0.00470, 0.00360
6230.625695,  0.00080, 0.00360
6230.625892,  0.00080, 0.00360
6230.626112, -0.00130, 0.00360
6230.626309, -0.00160, 0.00360
6230.626506,  0.00340, 0.00360
6230.627235, -0.00510, 0.00360
6230.627709,  0.00020, 0.00360
6230.627906, -0.00050, 0.00360
6230.628103,  0.00480, 0.00360
6230.628311,  0.00170, 0.00360
6230.628508,  0.00850, 0.00360
6230.628705,  0.00020, 0.00360
6230.628913, -0.00400, 0.00360
6230.629133,  0.00150, 0.00360
6230.629330, -0.00050, 0.00360
6230.629550,  0.00040, 0.00360
6230.629747,  0.00110, 0.00360
6230.629967, -0.00000, 0.00360
6230.630198,  0.00040, 0.00360
6230.630395,  0.00300, 0.00360
6230.630592, -0.00600, 0.00360
6230.630812,  0.00450, 0.00360
6230.631008,  0.00120, 0.00360
6230.631205, -0.00090, 0.00360
6230.631402,  0.00560, 0.00360
6230.631610,  0.00160, 0.00360
6230.631807,  0.00250, 0.00360
6230.632015,  0.00540, 0.00360
6230.632212, -0.00080, 0.00360
6230.632409,  0.00350, 0.00360
6230.632594, -0.00220, 0.00360
6230.632791,  0.00370, 0.00360
6230.632976, -0.00160, 0.00360
6230.633196, -0.00320, 0.00360
6230.633393, -0.00020, 0.00360
6230.633590, -0.00250, 0.00360
6230.635696,  0.00060, 0.00360
6230.635905,  0.00060, 0.00360
6230.636113, -0.00320, 0.00360
6230.636321, -0.00420, 0.00360
6230.636530,  0.00120, 0.00360
6230.636738,  0.00160, 0.00360
6230.636946, -0.00260, 0.00360
6230.637143, -0.00540, 0.00360
6230.637363, -0.00280, 0.00360
6230.637572, -0.00040, 0.00360
6230.637768,  0.00350, 0.00360
6230.637977, -0.00050, 0.00360
6230.638173,  0.00380, 0.00360
6230.638359,  0.00390, 0.00360
6230.638544, -0.00280, 0.00360
6230.638764,  0.00010, 0.00360
6230.638984,  0.00450, 0.00360
6230.639169,  0.00390, 0.00360
6230.639389,  0.00240, 0.00360
6230.639586,  0.00310, 0.00360
6230.639805,  0.00010, 0.00360
6230.640002, -0.00100, 0.00360
6230.640199,  0.00050, 0.00360
6230.640396, -0.00120, 0.00360
6230.640593,  0.00520, 0.00360
6230.640789,  0.00010, 0.00360
6230.640998,  0.00430, 0.00360
6230.641194,  0.00430, 0.00360
6230.641426,  0.00110, 0.00360
6230.641646, -0.00360, 0.00360
6230.642468,  0.00010, 0.00360
6230.642688,  0.00330, 0.00360
6230.642885, -0.00340, 0.00360
6230.643104,  0.00160, 0.00360
6230.643359,  0.00410, 0.00360
6230.643556, -0.00640, 0.00360
6230.643764,  0.00110, 0.00360
6230.643961,  0.00040, 0.00360
6230.644169, -0.00480, 0.00360
6230.644366, -0.00120, 0.00360
6230.644563, -0.00290, 0.00360
6230.644771, -0.00230, 0.00360
6230.645003, -0.00130, 0.00360
6230.645199,  0.00980, 0.00360
6230.645408,  0.00110, 0.00360
6230.645616,  0.00320, 0.00360
6230.645825, -0.00140, 0.00360
6230.646068, -0.00080, 0.00360
6230.646299, -0.00040, 0.00360
6230.646519,  0.00310, 0.00360
6230.646774, -0.00240, 0.00360
6230.646982, -0.00140, 0.00360
6230.647167, -0.00030, 0.00360
6230.647387,  0.00960, 0.00360
6230.647595, -0.00080, 0.00360
6230.647792,  0.00100, 0.00360
6230.648035,  0.01210, 0.00360
6230.648221,  0.00740, 0.00360
6230.648417,  0.00630, 0.00360
6230.648603, -0.00030, 0.00360
6230.649193,  0.00140, 0.00360
6230.649760,  0.00140, 0.00360
6230.649957,  0.00230, 0.00360
6230.650154,  0.00160, 0.00360
6230.650362, -0.00040, 0.00360
6230.650570,  0.00630, 0.00360
6230.650767,  0.00590, 0.00360
6230.650964,  0.00430, 0.00360
6230.651195,  0.00110, 0.00360
6230.651392,  0.00260, 0.00360
6230.651612, -0.00220, 0.00360
6230.651844,  0.01000, 0.00360
6230.652040,  0.00110, 0.00360
6230.652237,  0.00640, 0.00360
6230.652434, -0.00120, 0.00360
6230.652689,  0.00190, 0.00360
6230.652897,  0.00510, 0.00360
6230.653105, -0.00070, 0.00360
6230.653302,  0.00500, 0.00360
6230.653510,  0.00460, 0.00360
6230.653753,  0.00490, 0.00360
6230.653985,  0.00490, 0.00360
6230.654228,  0.01030, 0.00360
6230.654436,  0.00430, 0.00360
6230.654633, -0.00100, 0.00360
6230.654865,  0.00470, 0.00360
6230.655108,  0.00530, 0.00360
6230.655316,  0.00220, 0.00360
6230.655513,  0.00500, 0.00360
6230.655710,  0.00390, 0.00360
6230.655964,  0.00530, 0.00360
6230.656636,  0.00390, 0.00360
6230.656844,  0.00640, 0.00360
6230.657052,  0.00480, 0.00360
6230.657307,  0.00840, 0.00360
6230.657515,  0.00210, 0.00360
6230.657747,  0.01080, 0.00360
6230.657932,  0.01030, 0.00360
6230.658152,  0.00750, 0.00360
6230.658395,  0.00790, 0.00360
6230.658638,  0.01160, 0.00360
6230.658835,  0.00380, 0.00360
6230.659020,  0.00660, 0.00360
6230.659263,  0.01020, 0.00360
6230.659495,  0.00980, 0.00360
6230.659703,  0.00500, 0.00360
6230.659900,  0.00250, 0.00360
6230.660108,  0.00940, 0.00360
6230.660328,  0.00640, 0.00360
6230.660513,  0.00700, 0.00360
6230.660699,  0.00890, 0.00360
6230.660930,  0.00510, 0.00360
6230.661115,  0.00480, 0.00360
6230.661335,  0.00530, 0.00360
6230.661601,  0.00570, 0.00360
6230.661810,  0.00950, 0.00360
6230.662018,  0.00510, 0.00360
6230.662203,  0.00410, 0.00360
6230.662435,  0.00940, 0.00360
6230.662632,  0.00720, 0.00360
6230.662852,  0.00760, 0.00360
6230.663419,  0.00840, 0.00360
6230.664090,  0.00690, 0.00360
6230.664298,  0.01340, 0.00360
6230.664507,  0.01210, 0.00360
6230.664704,  0.01400, 0.00360
6230.664900,  0.00580, 0.00360
6230.665097,  0.00770, 0.00360
6230.665294,  0.00720, 0.00360
6230.665479,  0.00600, 0.00360
6230.665664,  0.01170, 0.00360
6230.665873,  0.01620, 0.00360
6230.666069,  0.00520, 0.00360
6230.666266,  0.01060, 0.00360
6230.666474,  0.01540, 0.00360
6230.666671,  0.00650, 0.00360
6230.666880,  0.01030, 0.00360
6230.667076,  0.00800, 0.00360
6230.667285,  0.01310, 0.00360
6230.667482,  0.01460, 0.00360
6230.667690,  0.00890, 0.00360
6230.667898,  0.00380, 0.00360
6230.668095,  0.01170, 0.00360
6230.668292,  0.00850, 0.00360
6230.668489,  0.01260, 0.00360
6230.668685,  0.00770, 0.00360
6230.668882,  0.01600, 0.00360
6230.669079,  0.00480, 0.00360
6230.669276,  0.00910, 0.00360
6230.669484,  0.00980, 0.00360
6230.669681,  0.01490, 0.00360
6230.669901,  0.00840, 0.00360
6230.671452,  0.01350, 0.00360
6230.672181,  0.00810, 0.00360
6230.672378,  0.00910, 0.00360
6230.672586,  0.00660, 0.00360
6230.672783,  0.01260, 0.00360
6230.672991,  0.00860, 0.00360
6230.673188,  0.00950, 0.00360
6230.673373,  0.01030, 0.00360
6230.673559,  0.01470, 0.00360
6230.673767,  0.00680, 0.00360
6230.673964,  0.00050, 0.00360
6230.674172,  0.01360, 0.00360
6230.674369,  0.01430, 0.00360
6230.674577,  0.00330, 0.00360
6230.674774,  0.00790, 0.00360
6230.674982,  0.01520, 0.00360
6230.675179,  0.00420, 0.00360
6230.675387,  0.00800, 0.00360
6230.675584,  0.01350, 0.00360
6230.675781,  0.00820, 0.00360
6230.675978,  0.00490, 0.00360
6230.676163,  0.00640, 0.00360
6230.676371,  0.01130, 0.00360
6230.676568,  0.01210, 0.00360
6230.676776,  0.01150, 0.00360
6230.676973,  0.01290, 0.00360
6230.677170,  0.00530, 0.00360
6230.677378,  0.00820, 0.00360
6230.677587,  0.00630, 0.00360
6230.677783,  0.00940, 0.00360
6230.677992,  0.01450, 0.00360
6230.678304,  0.01540, 0.00360
6230.678501,  0.01410, 0.00360
6230.678698,  0.00870, 0.00360
6230.678918,  0.01860, 0.00360
6230.679115,  0.01000, 0.00360
6230.679311,  0.01650, 0.00360
6230.679520,  0.00660, 0.00360
6230.679728,  0.00870, 0.00360
6230.679925,  0.01140, 0.00360
6230.680122,  0.01570, 0.00360
6230.680318,  0.00830, 0.00360
6230.680515,  0.00880, 0.00360
6230.680712,  0.00910, 0.00360
6230.680920,  0.01560, 0.00360
6230.681117,  0.00700, 0.00360
6230.681314,  0.00580, 0.00360
6230.681511,  0.00450, 0.00360
6230.681719,  0.00980, 0.00360
6230.681927,  0.00580, 0.00360
6230.682136,  0.01470, 0.00360
6230.682356,  0.01180, 0.00360
6230.682541,  0.01360, 0.00360
6230.682738,  0.01250, 0.00360
6230.682958,  0.00990, 0.00360
6230.683154,  0.01360, 0.00360
6230.683339,  0.01580, 0.00360
6230.683560,  0.01260, 0.00360
6230.683768,  0.01000, 0.00360
6230.683965,  0.01410, 0.00360
6230.684184,  0.00590, 0.00360
6230.684867,  0.00730, 0.00360
6230.685261,  0.00290, 0.00360
6230.685492,  0.01120, 0.00360
6230.685689,  0.00470, 0.00360
6230.685874,  0.00810, 0.00360
6230.686083,  0.01020, 0.00360
6230.686303,  0.00980, 0.00360
6230.686511,  0.00850, 0.00360
6230.686708,  0.00570, 0.00360
6230.686916,  0.00990, 0.00360
6230.687136,  0.00660, 0.00360
6230.687333,  0.00800, 0.00360
6230.687541,  0.00840, 0.00360
6230.687784,  0.01060, 0.00360
6230.688004,  0.00730, 0.00360
6230.688189,  0.01310, 0.00360
6230.688444,  0.01110, 0.00360
6230.688676,  0.00760, 0.00360
6230.688884,  0.01350, 0.00360
6230.689127,  0.00950, 0.00360
6230.689347,  0.01050, 0.00360
6230.689544,  0.00780, 0.00360
6230.689787,  0.00900, 0.00360
6230.690018,  0.01930, 0.00360
6230.690215,  0.01380, 0.00360
6230.690470,  0.00700, 0.00360
6230.690701,  0.01920, 0.00360
6230.690898,  0.00640, 0.00360
6230.691141,  0.00820, 0.00360
6230.691361,  0.01010, 0.00360
6230.691558,  0.01950, 0.00360
6230.691940,  0.01530, 0.00360
6230.692148,  0.01310, 0.00360
6230.692345,  0.01080, 0.00360
6230.692565,  0.01690, 0.00360
6230.692785,  0.01230, 0.00360
6230.692982,  0.00930, 0.00360
6230.693190,  0.01100, 0.00360
6230.693398,  0.00750, 0.00360
6230.693584,  0.00740, 0.00360
6230.693792,  0.01320, 0.00360
6230.694000,  0.01030, 0.00360
6230.694197,  0.01560, 0.00360
6230.694382,  0.01030, 0.00360
6230.694602,  0.01350, 0.00360
6230.694822,  0.00690, 0.00360
6230.695007,  0.00420, 0.00360
6230.695215,  0.00700, 0.00360
6230.695412,  0.00800, 0.00360
6230.695609,  0.00700, 0.00360
6230.695817,  0.01290, 0.00360
6230.696049,  0.00490, 0.00360
6230.696257,  0.01400, 0.00360
6230.696466,  0.00410, 0.00360
6230.696662,  0.01030, 0.00360
6230.696859,  0.00870, 0.00360
6230.697044,  0.01090, 0.00360
6230.697241,  0.01010, 0.00360
6230.697450,  0.01110, 0.00360
6230.697658,  0.01880, 0.00360
6230.697855,  0.00520, 0.00360
6230.698514,  0.00280, 0.00360
6230.698711,  0.01290, 0.00360
6230.698931,  0.01260, 0.00360
6230.699128,  0.01220, 0.00360
6230.699336,  0.01220, 0.00360
6230.699521,  0.01430, 0.00360
6230.699730,  0.01780, 0.00360
6230.699927,  0.01360, 0.00360
6230.700135,  0.01550, 0.00360
6230.700332,  0.01360, 0.00360
6230.700528,  0.00920, 0.00360
6230.700749,  0.00810, 0.00360
6230.700957,  0.00470, 0.00360
6230.701154,  0.00540, 0.00360
6230.701374,  0.00940, 0.00360
6230.701593,  0.01010, 0.00360
6230.701802,  0.00560, 0.00360
6230.701999,  0.00920, 0.00360
6230.702195,  0.00090, 0.00360
6230.702392,  0.00880, 0.00360
6230.702589,  0.00940, 0.00360
6230.702820,  0.00840, 0.00360
6230.703029,  0.00480, 0.00360
6230.703226,  0.01090, 0.00360
6230.703446,  0.00440, 0.00360
6230.703642,  0.01070, 0.00360
6230.703828,  0.00610, 0.00360
6230.704024,  0.00350, 0.00360
6230.704244,  0.00560, 0.00360
6230.704441,  0.00340, 0.00360
6230.705020,  0.00610, 0.00360
6230.705402,  0.01610, 0.00360
6230.705598,  0.00670, 0.00360
6230.705807,  0.00970, 0.00360
6230.706027,  0.00670, 0.00360
6230.706247,  0.00990, 0.00360
6230.706478,  0.00780, 0.00360
6230.706698,  0.01340, 0.00360
6230.706883,  0.01080, 0.00360
6230.707080,  0.00780, 0.00360
6230.707300,  0.00930, 0.00360
6230.707508,  0.00920, 0.00360
6230.707751,  0.00380, 0.00360
6230.707994,  0.00720, 0.00360
6230.708203,  0.00700, 0.00360
6230.708400,  0.00080, 0.00360
6230.708620,  0.00130, 0.00360
6230.708839,  0.00660, 0.00360
6230.709036,  0.01040, 0.00360
6230.709279,  0.00680, 0.00360
6230.709488,  0.00730, 0.00360
6230.709684,  0.01070, 0.00360
6230.709893,  0.00520, 0.00360
6230.710136,  0.00920, 0.00360
6230.710344,  0.00740, 0.00360
6230.710564,  0.00570, 0.00360
6230.710784,  0.00710, 0.00360
6230.710981,  0.01020, 0.00360
6230.711224,  0.01360, 0.00360
6230.711444,  0.00800, 0.00360
6230.711629,  0.00780, 0.00360
6230.712347,  0.00790, 0.00360
6230.712555,  0.01540, 0.00360
6230.712763,  0.01060, 0.00360
6230.713007,  0.01340, 0.00360
6230.713226,  0.01100, 0.00360
6230.713446,  0.01320, 0.00360
6230.713643,  0.01230, 0.00360
6230.713875,  0.00660, 0.00360
6230.714071,  0.01040, 0.00360
6230.714315,  0.00630, 0.00360
6230.714511,  0.01680, 0.00360
6230.714708,  0.00780, 0.00360
6230.714916,  0.00670, 0.00360
6230.715136,  0.00900, 0.00360
6230.715321,  0.00820, 0.00360
6230.715530,  0.00850, 0.00360
6230.715773,  0.00430, 0.00360
6230.715993,  0.00700, 0.00360
6230.716190,  0.00810, 0.00360
6230.716421,  0.00580, 0.00360
6230.716618,  0.01100, 0.00360
6230.716815,  0.00620, 0.00360
6230.717011,  0.00860, 0.00360
6230.717243,  0.00440, 0.00360
6230.717475,  0.01490, 0.00360
6230.717660,  0.01440, 0.00360
6230.717845,  0.00230, 0.00360
6230.718042,  0.00840, 0.00360
6230.718250,  0.00550, 0.00360
6230.718701,  0.00820, 0.00360
6230.718898,  0.00610, 0.00360
6230.719095,  0.00490, 0.00360
6230.719338,  0.01010, 0.00360
6230.719558,  0.00560, 0.00360
6230.719778,  0.00940, 0.00360
6230.720009,  0.00460, 0.00360
6230.720229,  0.00750, 0.00360
6230.720426,  0.00140, 0.00360
6230.720658,  0.00300, 0.00360
6230.720901,  0.00160, 0.00360
6230.721086,  0.00480, 0.00360
6230.721294,  0.00910, 0.00360
6230.721526,  0.01030, 0.00360
6230.721711,  0.00710, 0.00360
6230.721931,  0.00740, 0.00360
6230.722162,  0.00410, 0.00360
6230.722382,  0.01030, 0.00360
6230.722579,  0.00860, 0.00360
6230.722787,  0.00590, 0.00360
6230.723007,  0.00720, 0.00360
6230.723204,  0.00980, 0.00360
6230.723436,  0.01070, 0.00360
6230.723644,  0.01080, 0.00360
6230.723841,  0.00410, 0.00360
6230.724026,  0.01040, 0.00360
6230.724269,  0.00570, 0.00360
6230.724501,  0.00440, 0.00360
6230.724709,  0.00750, 0.00360
6230.724941,  0.01180, 0.00360
6230.725461,  0.00500, 0.00360
6230.725693,  0.00200, 0.00360
6230.725901,  0.00820, 0.00360
6230.726133,  0.00380, 0.00360
6230.726353,  0.00490, 0.00360
6230.726584,  0.00270, 0.00360
6230.726816,  0.00950, 0.00360
6230.727024,  0.01350, 0.00360
6230.727221,  0.00090, 0.00360
6230.727452,  0.00900, 0.00360
6230.727661, -0.00030, 0.00360
6230.727881,  0.00360, 0.00360
6230.728124,  0.01150, 0.00360
6230.728343,  0.00730, 0.00360
6230.728552,  0.00820, 0.00360
6230.728772,  0.00750, 0.00360
6230.728992,  0.01150, 0.00360
6230.729189,  0.00470, 0.00360
6230.729409,  0.00480, 0.00360
6230.729640,  0.00560, 0.00360
6230.729848,  0.00820, 0.00360
6230.730091,  0.00800, 0.00360
6230.730311,  0.00480, 0.00360
6230.730508,  0.00610, 0.00360
6230.730751,  0.01690, 0.00360
6230.730948,  0.00770, 0.00360
6230.731145,  0.01130, 0.00360
6230.731411,  0.00150, 0.00360
6230.731631,  0.00530, 0.00360
6230.731828,  0.01030, 0.00360
6230.732291,  0.01510, 0.00360
6230.732511,  0.00760, 0.00360
6230.732730,  0.00280, 0.00360
6230.732927,  0.00940, 0.00360
6230.733136,  0.00470, 0.00360
6230.733332,  0.01110, 0.00360
6230.733552,  0.01210, 0.00360
6230.733761,  0.00920, 0.00360
6230.733957,  0.00650, 0.00360
6230.734177,  0.00440, 0.00360
6230.734374,  0.00890, 0.00360
6230.734606,  0.01080, 0.00360
6230.734803,  0.01030, 0.00360
6230.734999,  0.00340, 0.00360
6230.735208,  0.00620, 0.00360
6230.735427,  0.00910, 0.00360
6230.735624,  0.00310, 0.00360
6230.735844,  0.00570, 0.00360
6230.736064,  0.00300, 0.00360
6230.736284,  0.00660, 0.00360
6230.736481,  0.00650, 0.00360
6230.736678,  0.00490, 0.00360
6230.736898,  0.00440, 0.00360
6230.737083,  0.00780, 0.00360
6230.737268,  0.01070, 0.00360
6230.737523,  0.00890, 0.00360
6230.737719,  0.00980, 0.00360
6230.737928,  0.00390, 0.00360
6230.738136,  0.00340, 0.00360
6230.738344,  0.00730, 0.00360
6230.739247,  0.00240, 0.00360
6230.739710,  0.00750, 0.00360
6230.740393,  0.00310, 0.00360
6230.740602,  0.00590, 0.00360
6230.740798,  0.01220, 0.00360
6230.741030,  0.00470, 0.00360
6230.741238,  0.00690, 0.00360
6230.741423,  0.00360, 0.00360
6230.741643,  0.00500, 0.00360
6230.741840,  0.00880, 0.00360
6230.742048,  0.00820, 0.00360
6230.742269,  0.00350, 0.00360
6230.742465,  0.00500, 0.00360
6230.742662,  0.01070, 0.00360
6230.742859,  0.01160, 0.00360
6230.743079,  0.00830, 0.00360
6230.743275,  0.00270, 0.00360
6230.743472,  0.01130, 0.00360
6230.743681,  0.00950, 0.00360
6230.743889,  0.00800, 0.00360
6230.744086,  0.00610, 0.00360
6230.744514,  0.00940, 0.00360
6230.744711,  0.00580, 0.00360
6230.744908,  0.00500, 0.00360
6230.745104,  0.01180, 0.00360
6230.745301,  0.01160, 0.00360
6230.745498,  0.00850, 0.00360
6230.745706,  0.01050, 0.00360
6230.745915,  0.00850, 0.00360
6230.746111,  0.01350, 0.00360
6230.746320,  0.00630, 0.00360
6230.746713,  0.01000, 0.00360
6230.746910,  0.01020, 0.00360
6230.747118,  0.01410, 0.00360
6230.747327,  0.00010, 0.00360
6230.747547,  0.02090, 0.00360
6230.747744,  0.00580, 0.00360
6230.747975,  0.00080, 0.00360
6230.748172,  0.01190, 0.00360
6230.748357,  0.01350, 0.00360
6230.748565,  0.00580, 0.00360
6230.748785,  0.00270, 0.00360
6230.749005,  0.01350, 0.00360
6230.749202,  0.01030, 0.00360
6230.749433,  0.00880, 0.00360
6230.749642,  0.00410, 0.00360
6230.749838,  0.00470, 0.00360
6230.750047,  0.00130, 0.00360
6230.750267,  0.01170, 0.00360
6230.750464,  0.00840, 0.00360
6230.750649,  0.00760, 0.00360
6230.750892,  0.01220, 0.00360
6230.751089,  0.01290, 0.00360
6230.751286,  0.00060, 0.00360
6230.751494,  0.01000, 0.00360
6230.751702,  0.01090, 0.00360
6230.751899,  0.00240, 0.00360
6230.752119,  0.00230, 0.00360
6230.752350,  0.01390, 0.00360
6230.752582,  0.01170, 0.00360
6230.752779,  0.00300, 0.00360
6230.753172,  0.00570, 0.00360
6230.753543,  0.00980, 0.00360
6230.754006,  0.00480, 0.00360
6230.754469,  0.00870, 0.00360
6230.755013,  0.00720, 0.00360
6230.755256, -0.00300, 0.00360
6230.755464,  0.00680, 0.00360
6230.755649,  0.01540, 0.00360
6230.755892,  0.00770, 0.00360
6230.756112,  0.00700, 0.00360
6230.756332,  0.01070, 0.00360
6230.756575,  0.00550, 0.00360
6230.756795,  0.01050, 0.00360
6230.757015,  0.00620, 0.00360
6230.757270,  0.00470, 0.00360
6230.757501,  0.00910, 0.00360
6230.757687,  0.01630, 0.00360
6230.757941,  0.00840, 0.00360
6230.758173,  0.00890, 0.00360
6230.758392,  0.00990, 0.00360
6230.758647,  0.01730, 0.00360
6230.758879,  0.00600, 0.00360
6230.759087,  0.00790, 0.00360
6230.759307,  0.00360, 0.00360
6230.759527,  0.00400, 0.00360
6230.759724,  0.01430, 0.00360
6230.759920,  0.00240, 0.00360
6230.760164,  0.00360, 0.00360
6230.760360,  0.00800, 0.00360
6230.760580,  0.01540, 0.00360
6230.760812,  0.00440, 0.00360
6230.761055,  0.01440, 0.00360
6230.761263,  0.00840, 0.00360
6230.761495,  0.01610, 0.00360
6230.761888,  0.01380, 0.00360
6230.762097,  0.00610, 0.00360
6230.762305,  0.01300, 0.00360
6230.762525,  0.00560, 0.00360
6230.762733,  0.01180, 0.00360
6230.762953,  0.00660, 0.00360
6230.763173,  0.00600, 0.00360
6230.763358,  0.00800, 0.00360
6230.763590,  0.00540, 0.00360
6230.763798,  0.00680, 0.00360
6230.763995,  0.01090, 0.00360
6230.764192,  0.01220, 0.00360
6230.764435,  0.00260, 0.00360
6230.764632,  0.00800, 0.00360
6230.764828,  0.01410, 0.00360
6230.765071,  0.01100, 0.00360
6230.765314,  0.01570, 0.00360
6230.765511,  0.01090, 0.00360
6230.765766,  0.00910, 0.00360
6230.765974,  0.00530, 0.00360
6230.766194,  0.00540, 0.00360
6230.766437,  0.01130, 0.00360
6230.766680,  0.00540, 0.00360
6230.766889,  0.00380, 0.00360
6230.767120,  0.01120, 0.00360
6230.767352,  0.00750, 0.00360
6230.767548,  0.01240, 0.00360
6230.767792,  0.00730, 0.00360
6230.768035,  0.00880, 0.00360
6230.768231,  0.00500, 0.00360
6230.768683,  0.01190, 0.00360
6230.768903,  0.01210, 0.00360
6230.769111,  0.01500, 0.00360
6230.769320,  0.02190, 0.00360
6230.769528,  0.00750, 0.00360
6230.769736,  0.00320, 0.00360
6230.769968,  0.00350, 0.00360
6230.770188,  0.00480, 0.00360
6230.770408,  0.00990, 0.00360
6230.770627,  0.01000, 0.00360
6230.770813,  0.00830, 0.00360
6230.771010,  0.00360, 0.00360
6230.771229,  0.01070, 0.00360
6230.771449,  0.00990, 0.00360
6230.771646,  0.00640, 0.00360
6230.771854,  0.00810, 0.00360
6230.772063,  0.00800, 0.00360
6230.772271,  0.00540, 0.00360
6230.772468,  0.00560, 0.00360
6230.772688,  0.00460, 0.00360
6230.772908,  0.00850, 0.00360
6230.773105,  0.00590, 0.00360
6230.773324,  0.00580, 0.00360
6230.773521,  0.00940, 0.00360
6230.773718,  0.00260, 0.00360
6230.773915,  0.01010, 0.00360
6230.774158,  0.01250, 0.00360
6230.774401,  0.01480, 0.00360
6230.774598,  0.00400, 0.00360
6230.774841,  0.01590, 0.00360
6230.775142,  0.00740, 0.00360
6230.775350,  0.01010, 0.00360
6230.775570,  0.00960, 0.00360
6230.775767,  0.01680, 0.00360
6230.775975,  0.00800, 0.00360
6230.776172,  0.01220, 0.00360
6230.776380,  0.00760, 0.00360
6230.776566,  0.01150, 0.00360
6230.776785,  0.00550, 0.00360
6230.777005,  0.00910, 0.00360
6230.777202,  0.01770, 0.00360
6230.777422,  0.00790, 0.00360
6230.777607,  0.00700, 0.00360
6230.777816,  0.01000, 0.00360
6230.778024,  0.01420, 0.00360
6230.778244,  0.00920, 0.00360
6230.778475,  0.00990, 0.00360
6230.778684,  0.00830, 0.00360
6230.778869,  0.00570, 0.00360
6230.779066,  0.00650, 0.00360
6230.779274, -0.00070, 0.00360
6230.779471,  0.00250, 0.00360
6230.779691,  0.01720, 0.00360
6230.779899,  0.01400, 0.00360
6230.780096,  0.00640, 0.00360
6230.780281,  0.01540, 0.00360
6230.780489,  0.01030, 0.00360
6230.780721,  0.00520, 0.00360
6230.780929,  0.01340, 0.00360
6230.781126,  0.01330, 0.00360
6230.782122,  0.00920, 0.00360
6230.782330,  0.00770, 0.00360
6230.782527,  0.00900, 0.00360
6230.782735,  0.01520, 0.00360
6230.782943,  0.00720, 0.00360
6230.783140,  0.00780, 0.00360
6230.783337,  0.01500, 0.00360
6230.783522,  0.00830, 0.00360
6230.783731,  0.00430, 0.00360
6230.783916,  0.01040, 0.00360
6230.784112,  0.00910, 0.00360
6230.784321,  0.00830, 0.00360
6230.784529,  0.00670, 0.00360
6230.784726,  0.01400, 0.00360
6230.784923,  0.00660, 0.00360
6230.785131,  0.00690, 0.00360
6230.785328,  0.00960, 0.00360
6230.785536,  0.01260, 0.00360
6230.785768,  0.01560, 0.00360
6230.785976,  0.00830, 0.00360
6230.786173,  0.00580, 0.00360
6230.786404,  0.00900, 0.00360
6230.786624,  0.00860, 0.00360
6230.786833,  0.00940, 0.00360
6230.787029,  0.00570, 0.00360
6230.787215,  0.00850, 0.00360
6230.787469,  0.00760, 0.00360
6230.787666,  0.00490, 0.00360
6230.787863,  0.01300, 0.00360
6230.788083,  0.00890, 0.00360
6230.788777,  0.00380, 0.00360
6230.788997,  0.00930, 0.00360
6230.789206,  0.01500, 0.00360
6230.789402,  0.01100, 0.00360
6230.789634,  0.01210, 0.00360
6230.789842,  0.00950, 0.00360
6230.790050,  0.00520, 0.00360
6230.790247,  0.00820, 0.00360
6230.790456,  0.00580, 0.00360
6230.790687,  0.00680, 0.00360
6230.790907,  0.00610, 0.00360
6230.791104,  0.01320, 0.00360
6230.791324,  0.00130, 0.00360
6230.791544,  0.00250, 0.00360
6230.791729,  0.01240, 0.00360
6230.791960,  0.00660, 0.00360
6230.792215,  0.00870, 0.00360
6230.792423,  0.00970, 0.00360
6230.792655,  0.01290, 0.00360
6230.792863,  0.00520, 0.00360
6230.793060,  0.01030, 0.00360
6230.793245,  0.00340, 0.00360
6230.793454,  0.00750, 0.00360
6230.793674,  0.01180, 0.00360
6230.793882,  0.00950, 0.00360
6230.794090,  0.01000, 0.00360
6230.794287,  0.00780, 0.00360
6230.794507,  0.00920, 0.00360
6230.794727,  0.01130, 0.00360
6230.794924,  0.00640, 0.00360
6230.795410,  0.00910, 0.00360
6230.795618,  0.01100, 0.00360
6230.795861,  0.00940, 0.00360
6230.796093,  0.00860, 0.00360
6230.796336,  0.00990, 0.00360
6230.796533,  0.00860, 0.00360
6230.796764,  0.00720, 0.00360
6230.797019,  0.01130, 0.00360
6230.797215,  0.00830, 0.00360
6230.797447,  0.01300, 0.00360
6230.797667,  0.01260, 0.00360
6230.797875,  0.00970, 0.00360
6230.798095,  0.01040, 0.00360
6230.798292,  0.00810, 0.00360
6230.798547,  0.00390, 0.00360
6230.798755,  0.00880, 0.00360
6230.798940,  0.00190, 0.00360
6230.799172,  0.00650, 0.00360
6230.799403,  0.00810, 0.00360
6230.799611,  0.00740, 0.00360
6230.799820,  0.00960, 0.00360
6230.800051,  0.01410, 0.00360
6230.800248,  0.01000, 0.00360
6230.800468,  0.00390, 0.00360
6230.800734,  0.00930, 0.00360
6230.800978,  0.01110, 0.00360
6230.801163,  0.00560, 0.00360
6230.801429,  0.00780, 0.00360
6230.801626,  0.00550, 0.00360
6230.801834,  0.01280, 0.00360
6230.802181,  0.01010, 0.00360
6230.802366,  0.00980, 0.00360
6230.802552,  0.01390, 0.00360
6230.802783,  0.00930, 0.00360
6230.802991,  0.01400, 0.00360
6230.803177,  0.01050, 0.00360
6230.803420,  0.00800, 0.00360
6230.803628,  0.01240, 0.00360
6230.803837,  0.01370, 0.00360
6230.804080,  0.01080, 0.00360
6230.804288,  0.01110, 0.00360
6230.804485,  0.01410, 0.00360
6230.804705,  0.00560, 0.00360
6230.804925,  0.01190, 0.00360
6230.805121,  0.00800, 0.00360
6230.805376,  0.01170, 0.00360
6230.805596,  0.00970, 0.00360
6230.805781,  0.02030, 0.00360
6230.806024,  0.00990, 0.00360
6230.806221,  0.00890, 0.00360
6230.806418,  0.00980, 0.00360
6230.806649,  0.01270, 0.00360
6230.806881,  0.00510, 0.00360
6230.807077,  0.00910, 0.00360
6230.807309,  0.01210, 0.00360
6230.807529,  0.01030, 0.00360
6230.807749,  0.00620, 0.00360
6230.807969,  0.00970, 0.00360
6230.808189,  0.00380, 0.00360
6230.808374,  0.00910, 0.00360
6230.808825,  0.00110, 0.00360
6230.809022,  0.00630, 0.00360
6230.809242,  0.00730, 0.00360
6230.809439,  0.00900, 0.00360
6230.809670,  0.00840, 0.00360
6230.809879,  0.01520, 0.00360
6230.810099,  0.00550, 0.00360
6230.810318,  0.01430, 0.00360
6230.810538,  0.00170, 0.00360
6230.810793,  0.00760, 0.00360
6230.810990,  0.01480, 0.00360
6230.811187,  0.00880, 0.00360
6230.811395,  0.00710, 0.00360
6230.811580,  0.00130, 0.00360
6230.811800,  0.01040, 0.00360
6230.812009,  0.00740, 0.00360
6230.812240,  0.00370, 0.00360
6230.812472,  0.00640, 0.00360
6230.812668,  0.00810, 0.00360
6230.812900,  0.00360, 0.00360
6230.813120,  0.00730, 0.00360
6230.813316,  0.01180, 0.00360
6230.813548,  0.01270, 0.00360
6230.813756,  0.01260, 0.00360
6230.813953,  0.00400, 0.00360
6230.814173,  0.00470, 0.00360
6230.814381,  0.00950, 0.00360
6230.814613,  0.01010, 0.00360
6230.814810,  0.00630, 0.00360
6230.814995,  0.00520, 0.00360
6230.815412,  0.00670, 0.00360
6230.815631,  0.00810, 0.00360
6230.815840,  0.00990, 0.00360
6230.816060,  0.00490, 0.00360
6230.816257,  0.00630, 0.00360
6230.816477,  0.01320, 0.00360
6230.816685,  0.00560, 0.00360
6230.816893,  0.00800, 0.00360
6230.817125,  0.00700, 0.00360
6230.817310,  0.01170, 0.00360
6230.817495,  0.00730, 0.00360
6230.817703,  0.00620, 0.00360
6230.817912,  0.00730, 0.00360
6230.818109,  0.01020, 0.00360
6230.818317,  0.00740, 0.00360
6230.818514,  0.00780, 0.00360
6230.818699,  0.01370, 0.00360
6230.818930,  0.00970, 0.00360
6230.819127,  0.00530, 0.00360
6230.819324,  0.01740, 0.00360
6230.819567,  0.00340, 0.00360
6230.819787,  0.01180, 0.00360
6230.819972,  0.00380, 0.00360
6230.820192,  0.00820, 0.00360
6230.820412,  0.00640, 0.00360
6230.820597,  0.00580, 0.00360
6230.820817,  0.00430, 0.00360
6230.821037,  0.00930, 0.00360
6230.821269,  0.01200, 0.00360
6230.821465,  0.01290, 0.00360
6230.821998,  0.01340, 0.00360
6230.822461, -0.00580, 0.00360
6230.822820,  0.00550, 0.00360
6230.823028,  0.00100, 0.00360
6230.823248,  0.00390, 0.00360
6230.823445,  0.00980, 0.00360
6230.823676, -0.00040, 0.00360
6230.823942,  0.00050, 0.00360
6230.824128,  0.00560, 0.00360
6230.824371,  0.00300, 0.00360
6230.824579,  0.00470, 0.00360
6230.824811,  0.00580, 0.00360
6230.825031,  0.00050, 0.00360
6230.825227,  0.00420, 0.00360
6230.825470,  0.00350, 0.00360
6230.825725,  0.00750, 0.00360
6230.825922,  0.01500, 0.00360
6230.826165,  0.00250, 0.00360
6230.826385, -0.00110, 0.00360
6230.826582, -0.00060, 0.00360
6230.826802,  0.00320, 0.00360
6230.826998,  0.00850, 0.00360
6230.827392,  0.00170, 0.00360
6230.827658, -0.00450, 0.00360
6230.827890,  0.00040, 0.00360
6230.828086,  0.00260, 0.00360
6230.828329,  0.00280, 0.00360
6230.828573,  0.00260, 0.00360
6230.828769,  0.01310, 0.00360
6230.828966,  0.01040, 0.00360
6230.829198,  0.00140, 0.00360
6230.829510, -0.00240, 0.00360
6230.829719,  0.00070, 0.00360
6230.829927,  0.00950, 0.00360
6230.830124,  0.00360, 0.00360
6230.830332,  0.00440, 0.00360
6230.830552, -0.00200, 0.00360
6230.830749, -0.00200, 0.00360
6230.830969,  0.00400, 0.00360
6230.831189,  0.00250, 0.00360
6230.831385,  0.00100, 0.00360
6230.831594,  0.00490, 0.00360
6230.831825,  0.00270, 0.00360
6230.832045, -0.00150, 0.00360
6230.832253,  0.00410, 0.00360
6230.832485, -0.00160, 0.00360
6230.832682,  0.00220, 0.00360
6230.832879,  0.00900, 0.00360
6230.833087, -0.00290, 0.00360
6230.833307,  0.00410, 0.00360
6230.833504, -0.00640, 0.00360
6230.833689,  0.00730, 0.00360
6230.833909,  0.00330, 0.00360
6230.834140, -0.00510, 0.00360
6230.834337,  0.00190, 0.00360
6230.834545,  0.00040, 0.00360
6230.834777,  0.00350, 0.00360
6230.834997,  0.00540, 0.00360
6230.835194,  0.00240, 0.00360
6230.835390, -0.00080, 0.00360
6230.835599,  0.00380, 0.00360
6230.835946, -0.00070, 0.00360
6230.836189,  0.00020, 0.00360
6230.836420, -0.00250, 0.00360
6230.836629,  0.00070, 0.00360
6230.836849,  0.00010, 0.00360
6230.837080,  0.00150, 0.00360
6230.837277, -0.00100, 0.00360
6230.837497, -0.00030, 0.00360
6230.837705, -0.00010, 0.00360
6230.837902, -0.00050, 0.00360
6230.838087, -0.00210, 0.00360
6230.838330,  0.00820, 0.00360
6230.838550,  0.00290, 0.00360
6230.838747,  0.00190, 0.00360
6230.838944, -0.00200, 0.00360
6230.839175, -0.00100, 0.00360
6230.839372,  0.00390, 0.00360
6230.839581,  0.00050, 0.00360
6230.839824,  0.00140, 0.00360
6230.840067, -0.00170, 0.00360
6230.840286,  0.00060, 0.00360
6230.840541, -0.00320, 0.00360
6230.840750,  0.00080, 0.00360
6230.840970,  0.00580, 0.00360
6230.841178,  0.00050, 0.00360
6230.841375, -0.00010, 0.00360
6230.841571,  0.00070, 0.00360
6230.841768,  0.00290, 0.00360
6230.842023,  0.00090, 0.00360
6230.842243, -0.00010, 0.00360
6230.842856,  0.00090, 0.00360
6230.843065, -0.00250, 0.00360
6230.843296,  0.00140, 0.00360
6230.843516,  0.00090, 0.00360
6230.843701,  0.00140, 0.00360
6230.843944,  0.00190, 0.00360
6230.844153,  0.00120, 0.00360
6230.844361,  0.00030, 0.00360
6230.844569,  0.00220, 0.00360
6230.844789, -0.00280, 0.00360
6230.844986,  0.00350, 0.00360
6230.845206,  0.00680, 0.00360
6230.845414,  0.00130, 0.00360
6230.845611,  0.00280, 0.00360
6230.845843,  0.00310, 0.00360
6230.846074, -0.00240, 0.00360
6230.846294,  0.00330, 0.00360
6230.846491,  0.00030, 0.00360
6230.846688,  0.00350, 0.00360
6230.846919, -0.00460, 0.00360
6230.847104,  0.00540, 0.00360
6230.847290, -0.00130, 0.00360
6230.847486,  0.00270, 0.00360
6230.847695,  0.00240, 0.00360
6230.847880, -0.00260, 0.00360
6230.848088,  0.00090, 0.00360
6230.848320,  0.00160, 0.00360
6230.848528,  0.00190, 0.00360
6230.848736, -0.00260, 0.00360
6230.848933, -0.00050, 0.00360
6230.849396,  0.00200, 0.00360
6230.849605,  0.00140, 0.00360
6230.849813, -0.00010, 0.00360
6230.850010,  0.00000, 0.00360
6230.850229, -0.00050, 0.00360
6230.850449,  0.00340, 0.00360
6230.850635, -0.00290, 0.00360
6230.850843, -0.00080, 0.00360
6230.851040, -0.00150, 0.00360
6230.851260,  0.00140, 0.00360
6230.851468,  0.00670, 0.00360
6230.851665,  0.00280, 0.00360
6230.851908, -0.00060, 0.00360
6230.852128,  0.00000, 0.00360
6230.852325,  0.00490, 0.00360
6230.852556,  0.00170, 0.00360
6230.852776, -0.00260, 0.00360
6230.852961,  0.00830, 0.00360
6230.853181,  0.00100, 0.00360
6230.853390, -0.00520, 0.00360
6230.853598,  0.01430, 0.00360
6230.853795,  0.00020, 0.00360
6230.854003, -0.00300, 0.00360
6230.854235,  0.00120, 0.00360
6230.854420,  0.00250, 0.00360
6230.854640,  0.00230, 0.00360
6230.854883,  0.00120, 0.00360
6230.855091,  0.00560, 0.00360
6230.855288,  0.00310, 0.00360
6230.855485,  0.00080, 0.00360
6230.855913,  0.00560, 0.00360
6230.856133,  0.00300, 0.00360
6230.856353, -0.00110, 0.00360
6230.856573, -0.00160, 0.00360
6230.856770, -0.00150, 0.00360
6230.856989, -0.00010, 0.00360
6230.857198,  0.00420, 0.00360
6230.857418,  0.00400, 0.00360
6230.857638, -0.00220, 0.00360
6230.857869,  0.00540, 0.00360
6230.858078,  0.00070, 0.00360
6230.858274,  0.00420, 0.00360
6230.858506,  0.00370, 0.00360
6230.858737,  0.00280, 0.00360
6230.858946,  0.00130, 0.00360
6230.859166, -0.00070, 0.00360
6230.859409,  0.00060, 0.00360
6230.859605,  0.00290, 0.00360
6230.859825,  0.00220, 0.00360
6230.860022,  0.00300, 0.00360
6230.860254,  0.00760, 0.00360
6230.860451,  0.00160, 0.00360
6230.860670, -0.00150, 0.00360
6230.860890,  0.00220, 0.00360
6230.861075,  0.00230, 0.00360
6230.861284,  0.00200, 0.00360
6230.861527,  0.00520, 0.00360
6230.861735,  0.00070, 0.00360
6230.861932, -0.00110, 0.00360
6230.862187,  0.00200, 0.00360
6230.862684,  0.00040, 0.00360
6230.863020,  0.00560, 0.00360
6230.863240,  0.00550, 0.00360
6230.863437, -0.00060, 0.00360
6230.863668, -0.00260, 0.00360
6230.863923, -0.00130, 0.00360
6230.864120,  0.00810, 0.00360
6230.864317,  0.00350, 0.00360
6230.864525, -0.00130, 0.00360
6230.864745,  0.00420, 0.00360
6230.864930,  0.00120, 0.00360
6230.865161, -0.00920, 0.00360
6230.865381,  0.00360, 0.00360
6230.865567,  0.00440, 0.00360
6230.865786,  0.00730, 0.00360
6230.866007,  0.00110, 0.00360
6230.866215, -0.00030, 0.00360
6230.866423, -0.00280, 0.00360
6230.866620, -0.00270, 0.00360
6230.866851,  0.00540, 0.00360
6230.867048,  0.00130, 0.00360
6230.867245,  0.00720, 0.00360
6230.867488, -0.00200, 0.00360
6230.867708, -0.00260, 0.00360
6230.867905,  0.00330, 0.00360
6230.868125, -0.00140, 0.00360
6230.868333, -0.00000, 0.00360
6230.868518, -0.00170, 0.00360
6230.868727, -0.00130, 0.00360
6230.868935, -0.00210, 0.00360
6230.869155,  0.00480, 0.00360
6230.869398,  0.00400, 0.00360
6230.869629,  0.00560, 0.00360
6230.869849,  0.00530, 0.00360
6230.870058,  0.00670, 0.00360
6230.870254, -0.00030, 0.00360
6230.870521,  0.00340, 0.00360
6230.870741,  0.00040, 0.00360
6230.870937,  0.00130, 0.00360
6230.871192, -0.00240, 0.00360
6230.871435, -0.00480, 0.00360
6230.871655,  0.00410, 0.00360
6230.871921,  0.00100, 0.00360
6230.872130,  0.00270, 0.00360
6230.872338,  0.00020, 0.00360
6230.872581,  0.00090, 0.00360
6230.872824,  0.00040, 0.00360
6230.873033,  0.00450, 0.00360
6230.873299,  0.00270, 0.00360
6230.873495,  0.00150, 0.00360
6230.873715,  0.00340, 0.00360
6230.873959,  0.00150, 0.00360
6230.874202, -0.00470, 0.00360
6230.874433,  0.00170, 0.00360
6230.874676,  0.00320, 0.00360
6230.874908,  0.00360, 0.00360
6230.875128,  0.00220, 0.00360
6230.875348,  0.00300, 0.00360
6230.875579,  0.00250, 0.00360
6230.875764,  0.00610, 0.00360
6230.875973,  0.00100, 0.00360
6230.876412, -0.00080, 0.00360
6230.876632, -0.00270, 0.00360
6230.876864,  0.00430, 0.00360
6230.877084,  0.00640, 0.00360
6230.877281,  0.00200, 0.00360
6230.877512, -0.00260, 0.00360
6230.877720,  0.00440, 0.00360
6230.877917,  0.00540, 0.00360
6230.878114,  0.01310, 0.00360
6230.878346, -0.00360, 0.00360
6230.878542, -0.00090, 0.00360
6230.878751,  0.00900, 0.00360
6230.878947,  0.00110, 0.00360
6230.879167,  0.00490, 0.00360
6230.879364,  0.00560, 0.00360
6230.879572,  0.00240, 0.00360
6230.879769,  0.00160, 0.00360
6230.880024,  0.00210, 0.00360
6230.880221,  0.00110, 0.00360
6230.880441,  0.00260, 0.00360
6230.880626,  0.00880, 0.00360
6230.880834,  0.00780, 0.00360
6230.881031, -0.00090, 0.00360
6230.881262,  0.00280, 0.00360
6230.881448,  0.00810, 0.00360
6230.881656,  0.00620, 0.00360
6230.881853,  0.01000, 0.00360
6230.882096,  0.00420, 0.00360
6230.882293,  0.00680, 0.00360
6230.882524,  0.00500, 0.00360
6230.883010, -0.00030, 0.00360
6230.883346,  0.00520, 0.00360
6230.883601, -0.00390, 0.00360
6230.883809,  0.00310, 0.00360
6230.884064,  0.00610, 0.00360
6230.884272, -0.00760, 0.00360
6230.884504,  0.00110, 0.00360
6230.884689,  0.00790, 0.00360
6230.884932, -0.00030, 0.00360
6230.885163,  0.00440, 0.00360
6230.885372,  0.00340, 0.00360
6230.885603,  0.00690, 0.00360
6230.885846,  0.00750, 0.00360
6230.886043,  0.00200, 0.00360
6230.886274,  0.00300, 0.00360
6230.886494, -0.00330, 0.00360
6230.886703,  0.00100, 0.00360
6230.886911,  0.00060, 0.00360
6230.887131, -0.00210, 0.00360
6230.887339, -0.00430, 0.00360
6230.887536, -0.00020, 0.00360
6230.887779,  0.00200, 0.00360
6230.888011,  0.00400, 0.00360
6230.888196,  0.00550, 0.00360
6230.888416,  0.00020, 0.00360
6230.888647, -0.00370, 0.00360
6230.888844,  0.00040, 0.00360
6230.889041, -0.00330, 0.00360
6230.889272,  0.00100, 0.00360
6230.889504, -0.00010, 0.00360
6230.889701, -0.00390, 0.00360
6230.890499, -0.00200, 0.00360
6230.890696, -0.00250, 0.00360
6230.890916,  0.00830, 0.00360
6230.891136,  0.00120, 0.00360
6230.891356, -0.00240, 0.00360
6230.891541,  0.00040, 0.00360
6230.891773,  0.00560, 0.00360
6230.891993, -0.00360, 0.00360
6230.892189, -0.00180, 0.00360
6230.892409, -0.00090, 0.00360
6230.892629,  0.00660, 0.00360
6230.892826, -0.00050, 0.00360
6230.893023, -0.00380, 0.00360
6230.893231, -0.00040, 0.00360
6230.893451, -0.00100, 0.00360
6230.893648,  0.00280, 0.00360
6230.893879, -0.00360, 0.00360
6230.894111, -0.00320, 0.00360
6230.894331,  0.00240, 0.00360
6230.894516,  0.00060, 0.00360
6230.894736, -0.00230, 0.00360
6230.894956, -0.00420, 0.00360
6230.895141, -0.00220, 0.00360
6230.895338, -0.00080, 0.00360
6230.895558, -0.00490, 0.00360
6230.895743, -0.00280, 0.00360
6230.895951,  0.00380, 0.00360
6230.896160, -0.00730, 0.00360
6230.896368, -0.00710, 0.00360
6230.896553, -0.00200, 0.00360
6230.896935, -0.00510, 0.00360
6230.897144, -0.00630, 0.00360
6230.897375, -0.00010, 0.00360
6230.897572, -0.00630, 0.00360
6230.897792,  0.00740, 0.00360
6230.897988,  0.00560, 0.00360
6230.898174,  0.00050, 0.00360
6230.898382,  0.00310, 0.00360
6230.898590, -0.00370, 0.00360
6230.898799, -0.00240, 0.00360
6230.898984, -0.00030, 0.00360
6230.899192,  0.00520, 0.00360
6230.899389,  0.00330, 0.00360
6230.899597,  0.00050, 0.00360
6230.899783,  0.00080, 0.00360
6230.900014, -0.00280, 0.00360
6230.900199,  0.00190, 0.00360
6230.900396, -0.00140, 0.00360
6230.900604,  0.00110, 0.00360
6230.900824, -0.00040, 0.00360
6230.901056, -0.00340, 0.00360
6230.901253,  0.00750, 0.00360
6230.901450, -0.00010, 0.00360
6230.901635,  0.00300, 0.00360
6230.901843,  0.00140, 0.00360
6230.902040,  0.00690, 0.00360
6230.902248, -0.00010, 0.00360
6230.902456,  0.00510, 0.00360
6230.902665, -0.00240, 0.00360
6230.902873,  0.00310, 0.00360
6230.903232,  0.00030, 0.00360
6230.903429,  0.00580, 0.00360
6230.903649,  0.00150, 0.00360
6230.903880,  0.00320, 0.00360
6230.904065,  0.00520, 0.00360
6230.904262,  0.00100, 0.00360
6230.904459,  0.00450, 0.00360
6230.904667,  0.00320, 0.00360
6230.904864,  0.00360, 0.00360
6230.905049,  0.00470, 0.00360
6230.905269,  0.01020, 0.00360
6230.905501,  0.00910, 0.00360
6230.905698,  0.00200, 0.00360
6230.905894, -0.00730, 0.00360
6230.906091,  0.00470, 0.00360
6230.906334, -0.00370, 0.00360
6230.906542, -0.00110, 0.00360
6230.906728, -0.00440, 0.00360
6230.906948,  0.00730, 0.00360
6230.907168,  0.00060, 0.00360
6230.907353, -0.00410, 0.00360
6230.907550,  0.00090, 0.00360
6230.907746,  0.00090, 0.00360
6230.907978, -0.00000, 0.00360
6230.908175, -0.00550, 0.00360
6230.908395,  0.00280, 0.00360
6230.908615, -0.00070, 0.00360
6230.908857, -0.00230, 0.00360
6230.909054,  0.00130, 0.00360
6230.909263, -0.00230, 0.00360
6230.909598, -0.00050, 0.00360
6230.909818, -0.00620, 0.00360
6230.910015, -0.00540, 0.00360
6230.910247,  0.00330, 0.00360
6230.910467,  0.00380, 0.00360
6230.910663, -0.00200, 0.00360
6230.910848, -0.00340, 0.00360
6230.911057, -0.00310, 0.00360
6230.911254, -0.00910, 0.00360
6230.911439, -0.00200, 0.00360
6230.911636, -0.00620, 0.00360
6230.911867, -0.00490, 0.00360
6230.912052, -0.00200, 0.00360
6230.912249, -0.00040, 0.00360
6230.912446, -0.00300, 0.00360
6230.912666, -0.00090, 0.00360
6230.912863, -0.01230, 0.00360
6230.913071, -0.00310, 0.00360
6230.913268,  0.00300, 0.00360
6230.913488,  0.00140, 0.00360
6230.913684, -0.00800, 0.00360
6230.913904, -0.00020, 0.00360
6230.914101,  0.00080, 0.00360
6230.914321, -0.00070, 0.00360
6230.914541,  0.00310, 0.00360
6230.914749, -0.00160, 0.00360
6230.914958, -0.00160, 0.00360
6230.915143, -0.00340, 0.00360
6230.915374, -0.00280, 0.00360
6230.915583, -0.00140, 0.00360
6230.915895,  0.00220, 0.00360
6230.916127, -0.00060, 0.00360
6230.916323, -0.00010, 0.00360
6230.916509,  0.00080, 0.00360
6230.916740,  0.00010, 0.00360
6230.916972, -0.00300, 0.00360
6230.917169, -0.00470, 0.00360
6230.917365,  0.00040, 0.00360
6230.917585, -0.00410, 0.00360
6230.917805, -0.00530, 0.00360
6230.918002, -0.00070, 0.00360
6230.918187, -0.00310, 0.00360
6230.918372,  0.00150, 0.00360
6230.918592, -0.00170, 0.00360
6230.918801, -0.00440, 0.00360
6230.918986, -0.00660, 0.00360
6230.919171, -0.00160, 0.00360
6230.919402, -0.00300, 0.00360
6230.919588, -0.00220, 0.00360
6230.919808, -0.00410, 0.00360
6230.920028,  0.00230, 0.00360
6230.920224, -0.00350, 0.00360
6230.920433,  0.00390, 0.00360
6230.920630, -0.00170, 0.00360
6230.920826, -0.00240, 0.00360
6230.921011, -0.00380, 0.00360
6230.921243, -0.00350, 0.00360
6230.921440, -0.00010, 0.00360
6230.921637,  0.00690, 0.00360
6230.921845, -0.00070, 0.00360
6230.922296,  0.00410, 0.00360
6230.922481, -0.00490, 0.00360
6230.922701,  0.00660, 0.00360
6230.922921,  0.00490, 0.00360
6230.923118, -0.00170, 0.00360
6230.923326,  0.00410, 0.00360
6230.923523,  0.00050, 0.00360
6230.923720, -0.00350, 0.00360
6230.923917, -0.00530, 0.00360
6230.924137, -0.00140, 0.00360
6230.924334,  0.01320, 0.00360
6230.924542, -0.00020, 0.00360
6230.924739, -0.00560, 0.00360
6230.924935,  0.00180, 0.00360
6230.925132, -0.00490, 0.00360
6230.925364, -0.00020, 0.00360
6230.925584,  0.00570, 0.00360
6230.925780,  0.00150, 0.00360
6230.926000, -0.00240, 0.00360
6230.926209,  0.00540, 0.00360
6230.926429, -0.00270, 0.00360
6230.926625, -0.00460, 0.00360
